code,name,Type,Qin
sp3,Abelia serrata,narrow-ranged,LC
sp5,Abies beshanzuensis,narrow-ranged,CR
sp29,Abies yuanbaoshanensis,narrow-ranged,CR
sp36,Abutilon sinense var. edentatum,narrow-ranged,NT
sp47,Acacia tonkinensis,narrow-ranged,EN
sp50,Acalypha akoensis,narrow-ranged,NT
sp51,Acalypha angatensis,narrow-ranged,LC
sp52,Acalypha caturus,narrow-ranged,LC
sp53,Acalypha hainanensis,narrow-ranged,EN
sp56,Acalypha matsudae,narrow-ranged,LC
sp74,Acer buergerianum var. yentangense,narrow-ranged,LC
sp85,Acer chunii,narrow-ranged,EN
sp96,Acer fenzelianum,narrow-ranged,EN
sp100,Acer gracilifolium,narrow-ranged,EN
sp103,Acer hilaense,narrow-ranged,CR
sp125,Acer oblongum var. omeiense,narrow-ranged,LC
sp136,Acer pictum ssp. pubigerum,narrow-ranged,LC
sp138,Acer pilosum,narrow-ranged,VU
sp141,Acer poliophyllum,narrow-ranged,VU
sp161,Acer tenellum,narrow-ranged,CR
sp162,Acer tenellum var. septemlobum,narrow-ranged,CR
sp174,Acer yui,narrow-ranged,EN
sp176,Acidosasa lingchuanensis,narrow-ranged,DD
sp185,Actinidia callosa var. acuminata,narrow-ranged,CR
sp190,Actinidia farinosa,narrow-ranged,VU
sp193,Actinidia fasciculoides var. orbiculata,narrow-ranged,EN
sp199,Actinidia grandiflora,narrow-ranged,CR
sp203,Actinidia laevissima,narrow-ranged,VU
sp215,Actinidia rufotricha,narrow-ranged,VU
sp219,Actinidia stellatopilosa,narrow-ranged,CR
sp221,Actinidia suberifolia,narrow-ranged,CR
sp224,Actinidia ulmifolia,narrow-ranged,EN
sp238,Actinodaphne mushaensis,narrow-ranged,LC
sp240,Actinodaphne obscurinervia,narrow-ranged,EN
sp242,Actinodaphne paotingensis,narrow-ranged,NT
sp247,Adenia penangiana,narrow-ranged,VU
sp253,Adinandra elegans,narrow-ranged,CR
sp258,Adinandra grandis,narrow-ranged,EN
sp261,Adinandra howii,narrow-ranged,LC
sp263,Adinandra lasiostyla,narrow-ranged,VU
sp268,Adinandra pingbianensis,narrow-ranged,EN
sp272,Aeschynanthus angustioblongus,narrow-ranged,LC
sp278,Aeschynanthus denticuliger,narrow-ranged,LC
sp282,Aeschynanthus lancilimbus,narrow-ranged,NT
sp283,Aeschynanthus lasianthus,narrow-ranged,DD
sp292,Aeschynanthus pachytrichus,narrow-ranged,LC
sp294,Aeschynanthus poilanei,narrow-ranged,LC
sp295,Aeschynanthus sinolongicalyx,narrow-ranged,DD
sp310,Agapetes aborensis,narrow-ranged,DD
sp313,Agapetes brachypoda var. gracilis,narrow-ranged,DD
sp314,Agapetes brandisiana,narrow-ranged,NT
sp330,Agapetes linearifolia,narrow-ranged,DD
sp342,Agapetes neriifolia,narrow-ranged,DD
sp343,Agapetes nutans,narrow-ranged,DD
sp347,Agapetes pilifera,narrow-ranged,DD
sp350,Agapetes pseudogriffithii,narrow-ranged,LC
sp355,Agapetes salicifolia,narrow-ranged,DD
sp356,Agelaea trinervis,narrow-ranged,EN
sp363,Aglaia teysmanniana,narrow-ranged,LC
sp378,Ajania nitida,narrow-ranged,LC
sp379,Ajania nubigena,narrow-ranged,DD
sp388,Akebia chingshuiensis,narrow-ranged,LC
sp410,Albizia attopeuensis,narrow-ranged,EN
sp437,Allophylus chartaceus,narrow-ranged,LC
sp439,Allophylus dimorphus,narrow-ranged,DD
sp451,Alnus lanata,narrow-ranged,DD
sp461,Alseodaphne hainanensis,narrow-ranged,VU
sp462,Alseodaphne huanglianshanensis,narrow-ranged,LC
sp464,Alseodaphne rugosa,narrow-ranged,LC
sp465,Alseodaphne sichourensis,narrow-ranged,EN
sp466,Alseodaphne yunnanensis,narrow-ranged,EN
sp468,Alsophila austro-yunnanensis,narrow-ranged,CR
sp474,Alsophila loheri,narrow-ranged,NT
sp478,Alstonia henryi,narrow-ranged,VU
sp483,Alstonia rupestris,narrow-ranged,LC
sp489,Altingia multinervis,narrow-ranged,EN
sp495,Alyxia insularis,narrow-ranged,LC
sp499,Alyxia reinwardtii,narrow-ranged,LC
sp508,Amentotaxus formosana,narrow-ranged,EN
sp511,Ammodendron bifolium,narrow-ranged,EN
sp513,Ampelocalamus actinotrichus,narrow-ranged,VU
sp514,Ampelocalamus calcareus,narrow-ranged,CR
sp515,Ampelocalamus hirsutissimus,narrow-ranged,DD
sp517,Ampelocalamus melicoideus,narrow-ranged,LC
sp518,Ampelocalamus mianningensis,narrow-ranged,VU
sp519,Ampelocalamus microphyllus,narrow-ranged,LC
sp520,Ampelocalamus naibunensis,narrow-ranged,LC
sp521,Ampelocalamus saxatilis,narrow-ranged,DD
sp522,Ampelocalamus scandens,narrow-ranged,LC
sp523,Ampelocalamus yongshanensis,narrow-ranged,DD
sp524,Ampelocissus hoabinhensis,narrow-ranged,LC
sp525,Ampelocissus xizangensis,narrow-ranged,LC
sp526,Ampelopsis acerifolia,narrow-ranged,VU
sp556,Ancylostemon rhombifolius,narrow-ranged,DD
sp557,Ancylostemon ronganensis,narrow-ranged,LC
sp576,Antidesma nienkui,narrow-ranged,LC
sp577,Antidesma sootepense,narrow-ranged,LC
sp602,Aralia scaberula,narrow-ranged,NT
sp605,Aralia stipulata,narrow-ranged,DD
sp608,Aralia vietnamensis,narrow-ranged,LC
sp621,Archidendron cordifolium,narrow-ranged,CR
sp628,Archidendron tonkinense,narrow-ranged,LC
sp639,Ardisia carnosicaulis,narrow-ranged,LC
sp660,Ardisia nigropilosa,narrow-ranged,NT
sp666,Ardisia porifera,narrow-ranged,LC
sp670,Ardisia ramondiiformis,narrow-ranged,LC
sp672,Ardisia retroflexa,narrow-ranged,NT
sp678,Ardisia verbascifolia,narrow-ranged,LC
sp681,Ardisia waitakii,narrow-ranged,LC
sp688,Argyreia baoshanensis,narrow-ranged,DD
sp690,Argyreia cheliensis,narrow-ranged,NT
sp691,Argyreia eriocephala,narrow-ranged,LC
sp692,Argyreia formosana,narrow-ranged,LC
sp696,Argyreia lineariloba,narrow-ranged,DD
sp697,Argyreia marlipoensis,narrow-ranged,DD
sp699,Argyreia maymyo,narrow-ranged,DD
sp701,Argyreia monosperma,narrow-ranged,LC
sp704,Argyreia pierreana,narrow-ranged,LC
sp706,Argyreia strigillosa,narrow-ranged,DD
sp714,Aristolochia howii,narrow-ranged,VU
sp734,Artabotrys multiflorus,narrow-ranged,LC
sp736,Artabotrys punctulatus,narrow-ranged,EN
sp737,Artabotrys rhynchocarpus,narrow-ranged,EN
sp750,Artocarpus nanchuanensis,narrow-ranged,CR
sp751,Artocarpus nigrifolius,narrow-ranged,CR
sp752,Artocarpus nitidus ssp. griffithii,narrow-ranged,LC
sp757,Artocarpus xanthocarpus,narrow-ranged,EN
sp758,Arundinaria faberi,narrow-ranged,NT
sp770,Aster albescens var. discolor,narrow-ranged,DD
sp780,Aster argyropholis var. paradoxus,narrow-ranged,DD
sp785,Aster nitidus,narrow-ranged,LC
sp792,Atalantia fongkaica,narrow-ranged,CR
sp793,Atalantia guillauminii,narrow-ranged,VU
sp795,Atalantia kwangtungensis,narrow-ranged,NT
sp809,Aucuba albopunctifolia var. angustula,narrow-ranged,LC
sp811,Aucuba chinensis var. angusta,narrow-ranged,LC
sp813,Aucuba confertiflora,narrow-ranged,EN
sp823,Azima sarmentosa,narrow-ranged,NT
sp830,Bambusa angustiaurita,narrow-ranged,DD
sp836,Bambusa burmanica,narrow-ranged,DD
sp838,Bambusa contracta,narrow-ranged,DD
sp840,Bambusa crispiaurita,narrow-ranged,DD
sp841,Bambusa diaoluoshanensis,narrow-ranged,DD
sp848,Bambusa glabrovagina,narrow-ranged,LC
sp849,Bambusa grandis,narrow-ranged,LC
sp850,Bambusa guangxiensis,narrow-ranged,LC
sp851,Bambusa hainanensis,narrow-ranged,DD
sp852,Bambusa indigena,narrow-ranged,DD
sp853,Bambusa insularis,narrow-ranged,DD
sp855,Bambusa longipalea,narrow-ranged,DD
sp856,Bambusa macrotis,narrow-ranged,DD
sp857,Bambusa mollis,narrow-ranged,DD
sp858,Bambusa multiplex var. incana,narrow-ranged,DD
sp859,Bambusa mutabilis,narrow-ranged,DD
sp862,Bambusa papillata,narrow-ranged,DD
sp864,Bambusa piscatorum,narrow-ranged,DD
sp865,Bambusa polymorpha,narrow-ranged,DD
sp866,Bambusa prominens,narrow-ranged,DD
sp867,Bambusa ramispinosa,narrow-ranged,DD
sp872,Bambusa subtruncata,narrow-ranged,DD
sp873,Bambusa surrecta,narrow-ranged,DD
sp875,Bambusa variostriata,narrow-ranged,DD
sp876,Bambusa xiashanensis,narrow-ranged,DD
sp878,Barleria integrisepala,narrow-ranged,DD
sp880,Barleria purpureosepala,narrow-ranged,LC
sp885,Barthea barthei var. valdealata,narrow-ranged,EN
sp893,Bauhinia cercidifolia,narrow-ranged,VU
sp894,Bauhinia chalcophylla,narrow-ranged,NT
sp896,Bauhinia coccinea ssp. tonkinensis,narrow-ranged,LC
sp899,Bauhinia damiaoshanensis,narrow-ranged,LC
sp906,Bauhinia hirsuta,narrow-ranged,LC
sp907,Bauhinia hypochrysa,narrow-ranged,NT
sp919,Bauhinia rubrovillosa,narrow-ranged,LC
sp920,Bauhinia tianlinensis,narrow-ranged,LC
sp921,Bauhinia tomentosa,narrow-ranged,LC
sp927,Bauhinia wallichii,narrow-ranged,LC
sp937,Beilschmiedia cylindrica,narrow-ranged,CR
sp944,Beilschmiedia glauca var. glaucoides,narrow-ranged,NT
sp945,Beilschmiedia henghsienensis,narrow-ranged,EN
sp950,Beilschmiedia longepetiolata,narrow-ranged,NT
sp951,Beilschmiedia macropoda,narrow-ranged,NT
sp953,Beilschmiedia obconica,narrow-ranged,NT
sp954,Beilschmiedia obscurinervia,narrow-ranged,CR
sp955,Beilschmiedia ovoidea,narrow-ranged,NT
sp956,Beilschmiedia pauciflora,narrow-ranged,NT
sp966,Beilschmiedia tungfangensis,narrow-ranged,CR
sp973,Berberis alpicola,narrow-ranged,CR
sp977,Berberis aristatoserrulata,narrow-ranged,VU
sp980,Berberis batangensis,narrow-ranged,LC
sp985,Berberis campylotropa,narrow-ranged,LC
sp992,Berberis daiana,narrow-ranged,DD
sp996,Berberis derongensis,narrow-ranged,DD
sp1008,Berberis fujianensis,narrow-ranged,LC
sp1013,Berberis guizhouensis,narrow-ranged,LC
sp1015,Berberis hayatana,narrow-ranged,LC
sp1021,Berberis hsuyunensis,narrow-ranged,LC
sp1028,Berberis jiangxiensis,narrow-ranged,LC
sp1040,Berberis malipoensis,narrow-ranged,LC
sp1042,Berberis mianningensis,narrow-ranged,LC
sp1044,Berberis morrisonensis,narrow-ranged,LC
sp1046,Berberis multicaulis,narrow-ranged,DD
sp1048,Berberis nemorosa,narrow-ranged,DD
sp1049,Berberis nullinervis,narrow-ranged,LC
sp1059,Berberis prattii,narrow-ranged,LC
sp1061,Berberis pseudoamoena,narrow-ranged,DD
sp1064,Berberis qiaojiaensis,narrow-ranged,LC
sp1066,Berberis replicata,narrow-ranged,LC
sp1072,Berberis sichuanica,narrow-ranged,LC
sp1082,Berberis tianshuiensis,narrow-ranged,LC
sp1096,Berberis ziyunensis,narrow-ranged,LC
sp1099,Berchemia brachycarpa,narrow-ranged,DD
sp1105,Berchemia hirtella var. glabrescens,narrow-ranged,LC
sp1109,Berchemia huana var. glabrescens,narrow-ranged,LC
sp1116,Berchemia polyphylla var. trichophylla,narrow-ranged,LC
sp1120,Berchemiella yunnanensis,narrow-ranged,CR
sp1121,Berrya cordifolia,narrow-ranged,LC
sp1138,Betula gynoterminalis,narrow-ranged,CR
sp1142,Betula jinpingensis,narrow-ranged,LC
sp1144,Betula microphylla,narrow-ranged,LC
sp1152,Betula tianschanica,narrow-ranged,LC
sp1153,Betula trichogemma,narrow-ranged,LC
sp1155,Bhesa robusta,narrow-ranged,CR
sp1159,Blachia siamensis,narrow-ranged,LC
sp1161,Blastus brevissimus,narrow-ranged,LC
sp1167,Blastus tsaii,narrow-ranged,NT
sp1171,Boehmeria conica,narrow-ranged,LC
sp1174,Boehmeria dolichostachya var. mollis,narrow-ranged,LC
sp1179,Boehmeria lohuiensis,narrow-ranged,NT
sp1181,Boehmeria macrophylla var. canescens,narrow-ranged,LC
sp1192,Boeica porosa,narrow-ranged,LC
sp1196,Bonia amplexicaulis,narrow-ranged,VU
sp1197,Bonia levigata,narrow-ranged,VU
sp1198,Bonia parvifloscula,narrow-ranged,VU
sp1209,Brandisia cauliflora,narrow-ranged,LC
sp1211,Brandisia glabrescens var. hypochrysa,narrow-ranged,NT
sp1218,Brassaiopsis angustifolia,narrow-ranged,LC
sp1223,Brassaiopsis ficifolia,narrow-ranged,LC
sp1231,Brassaiopsis shweliensis,narrow-ranged,LC
sp1234,Bredia biglandularis,narrow-ranged,NT
sp1236,Bredia hirsuta var. scandens,narrow-ranged,LC
sp1254,Broussonetia kurzii,narrow-ranged,LC
sp1262,Buchanania yunnanensis,narrow-ranged,EN
sp1272,Buddleja curviflora,narrow-ranged,LC
sp1285,Burretiodendron kydiifolium,narrow-ranged,NT
sp1288,Buxus hainanensis,narrow-ranged,EN
sp1290,Buxus hebecarpa,narrow-ranged,EN
sp1309,Caesalpinia hymenocarpa,narrow-ranged,LC
sp1325,Calamus dianbaiensis,narrow-ranged,VU
sp1326,Calamus distichus var. shangsiensis,narrow-ranged,VU
sp1333,Calamus guangxiensis,narrow-ranged,VU
sp1337,Calamus macrorrhynchus,narrow-ranged,LC
sp1339,Calamus multispicatus,narrow-ranged,LC
sp1341,Calamus obovoideus,narrow-ranged,CR
sp1342,Calamus pulchellus,narrow-ranged,EN
sp1350,Calamus yangchunensis,narrow-ranged,VU
sp1352,Calamus yunnanensis var. intermedius,narrow-ranged,VU
sp1368,Calliandra umbrosa,narrow-ranged,CR
sp1384,Callicarpa formosana var. longifolia,narrow-ranged,LC
sp1388,Callicarpa hungtaii,narrow-ranged,DD
sp1389,Callicarpa hypoleucophylla,narrow-ranged,LC
sp1395,Callicarpa kotoensis,narrow-ranged,LC
sp1407,Callicarpa minutiflora,narrow-ranged,DD
sp1412,Callicarpa pingshanensis,narrow-ranged,VU
sp1414,Callicarpa prolifera var. rubroglandulosa,narrow-ranged,LC
sp1415,Callicarpa pseudorubella,narrow-ranged,LC
sp1417,Callicarpa remotiserrulata,narrow-ranged,LC
sp1422,Callicarpa yunnanensis,narrow-ranged,VU
sp1424,Calligonum aphyllum,narrow-ranged,EN
sp1430,Calligonum cordatum,narrow-ranged,EN
sp1431,Calligonum densum,narrow-ranged,LC
sp1434,Calligonum jeminaicum,narrow-ranged,DD
sp1442,Calligonum trifarium,narrow-ranged,DD
sp1452,Calophanoides xantholeuca,narrow-ranged,LC
sp1454,Calophanoides yunnanensis,narrow-ranged,LC
sp1455,Calophyllum blancoi,narrow-ranged,LC
sp1460,Calycanthus chinensis,narrow-ranged,EN
sp1462,Camellia anlungensis var. acutiperulata,narrow-ranged,LC
sp1464,Camellia azalea,narrow-ranged,CR
sp1467,Camellia caudata var. gracilis,narrow-ranged,LC
sp1469,Camellia chrysanthoides,narrow-ranged,EN
sp1471,Camellia cordifolia var. glabrisepala,narrow-ranged,VU
sp1476,Camellia cupiformis,narrow-ranged,CR
sp1481,Camellia drupifera,narrow-ranged,LC
sp1483,Camellia elongata,narrow-ranged,EN
sp1484,Camellia euphlebia,narrow-ranged,VU
sp1487,Camellia fangchengensis,narrow-ranged,CR
sp1488,Camellia fascicularis,narrow-ranged,CR
sp1494,Camellia furfuracea var. latipetiolate,narrow-ranged,NT
sp1495,Camellia gaudichaudii,narrow-ranged,VU
sp1496,Camellia grandibracteata,narrow-ranged,VU
sp1502,Camellia ilicifolia,narrow-ranged,LC
sp1503,Camellia ilicifolia var. neriifolia,narrow-ranged,LC
sp1504,Camellia impressinervis,narrow-ranged,CR
sp1506,Camellia indochinensis var. tunghinensis,narrow-ranged,EN
sp1510,Camellia kwangsiensis,narrow-ranged,LC
sp1513,Camellia longipedicellata,narrow-ranged,EN
sp1514,Camellia longissima,narrow-ranged,LC
sp1516,Camellia luteoflora,narrow-ranged,VU
sp1520,Camellia melliana,narrow-ranged,EN
sp1521,Camellia micrantha,narrow-ranged,EN
sp1522,Camellia mileensis var. microphylla,narrow-ranged,VU
sp1524,Camellia pachyandra,narrow-ranged,VU
sp1528,Camellia pilosperma,narrow-ranged,CR
sp1529,Camellia pingguoensis,narrow-ranged,LC
sp1531,Camellia pitardii var. compressa,narrow-ranged,LC
sp1535,Camellia pubifurfuracea,narrow-ranged,EN
sp1536,Camellia pubipetala,narrow-ranged,EN
sp1537,Camellia pyxidiacea,narrow-ranged,LC
sp1551,Camellia szechuanensis,narrow-ranged,VU
sp1555,Camellia tenii,narrow-ranged,DD
sp1562,Camellia villicarpa,narrow-ranged,VU
sp1564,Camellia viridicalyx var. linearifolia,narrow-ranged,LC
sp1567,Camellia xanthochroma,narrow-ranged,VU
sp1572,Campylospermum serratum,narrow-ranged,LC
sp1579,Campylotropis grandifolia,narrow-ranged,LC
sp1586,Campylotropis pauciflora,narrow-ranged,LC
sp1589,Campylotropis tenuiramea,narrow-ranged,DD
sp1590,Campylotropis teretiracemosa,narrow-ranged,DD
sp1592,Campylotropis wenshanica,narrow-ranged,DD
sp1597,Canarium parvum,narrow-ranged,EN
sp1610,Capparis floribunda,narrow-ranged,CR
sp1612,Capparis hainanensis,narrow-ranged,LC
sp1613,Capparis henryi,narrow-ranged,LC
sp1615,Capparis khuamak,narrow-ranged,EN
sp1616,Capparis lanceolaris,narrow-ranged,LC
sp1627,Capparis trichocarpa,narrow-ranged,VU
sp1630,Capparis wui,narrow-ranged,EN
sp1680,Caragana shensiensis,narrow-ranged,NT
sp1699,Carissa edulis,narrow-ranged,LC
sp1709,Carpinus hebestroma,narrow-ranged,LC
sp1715,Carpinus microphylla,narrow-ranged,DD
sp1716,Carpinus minutiserrata,narrow-ranged,LC
sp1719,Carpinus omeiensis,narrow-ranged,DD
sp1724,Carpinus rankanensis var. matsudae,narrow-ranged,LC
sp1730,Carpinus tsunyihensis,narrow-ranged,LC
sp1735,Carrierea dunniana,narrow-ranged,LC
sp1741,Caryodaphnopsis laotica,narrow-ranged,NT
sp1747,Caryopteris glutinosa,narrow-ranged,VU
sp1761,Casearia kurzii,narrow-ranged,LC
sp1766,Cassiope argyrotricha,narrow-ranged,DD
sp1768,Cassiope membranifolia,narrow-ranged,DD
sp1776,Castanopsis amabilis,narrow-ranged,VU
sp1784,Castanopsis choboensis,narrow-ranged,LC
sp1787,Castanopsis concinna,narrow-ranged,NT
sp1788,Castanopsis crassifolia,narrow-ranged,VU
sp1790,Castanopsis densispinosa,narrow-ranged,CR
sp1799,Castanopsis globigemmata,narrow-ranged,CR
sp1804,Castanopsis jianfenglingensis,narrow-ranged,NT
sp1809,Castanopsis ledongensis,narrow-ranged,EN
sp1811,Castanopsis longzhouica,narrow-ranged,CR
sp1815,Castanopsis oblonga,narrow-ranged,CR
sp1821,Castanopsis tcheponensis,narrow-ranged,LC
sp1822,Castanopsis tessellata,narrow-ranged,EN
sp1834,Cayratia ciliifera,narrow-ranged,LC
sp1835,Cayratia cordifolia,narrow-ranged,LC
sp1901,Cerasus cyclamina var. biflora,narrow-ranged,LC
sp1903,Cerasus dielsiana var. abbreviata,narrow-ranged,LC
sp1905,Cerasus dolichadenia,narrow-ranged,LC
sp1942,Ceriscoides howii,narrow-ranged,VU
sp1951,Champereia manillana,narrow-ranged,LC
sp1957,Chelonopsis giraldii,narrow-ranged,LC
sp1958,Chelonopsis lichiangensis,narrow-ranged,EN
sp1964,Chelonopsis siccanea,narrow-ranged,EX
sp1975,Chimonanthus grammatus,narrow-ranged,EN
sp1983,Chimonobambusa convoluta,narrow-ranged,LC
sp1986,Chimonobambusa hsuehiana,narrow-ranged,LC
sp1987,Chimonobambusa macrophylla,narrow-ranged,LC
sp1988,Chimonobambusa macrophylla var. leiboensis,narrow-ranged,DD
sp1991,Chimonobambusa microfloscula,narrow-ranged,EN
sp1992,Chimonobambusa opienensis,narrow-ranged,LC
sp1993,Chimonobambusa puberula,narrow-ranged,LC
sp1994,Chimonobambusa pubescens,narrow-ranged,DD
sp1997,Chimonobambusa rigidula,narrow-ranged,LC
sp2000,Chimonocalamus delicatus,narrow-ranged,VU
sp2001,Chimonocalamus dumosus,narrow-ranged,LC
sp2004,Chimonocalamus longiligulatus,narrow-ranged,VU
sp2005,Chimonocalamus montanus,narrow-ranged,VU
sp2006,Chimonocalamus pallens,narrow-ranged,VU
sp2007,Chionanthus brachythyrsus,narrow-ranged,DD
sp2008,Chionanthus guangxiensis,narrow-ranged,LC
sp2011,Chionanthus longiflorus,narrow-ranged,NT
sp2013,Chionanthus ramiflorus var. grandiflorus,narrow-ranged,LC
sp2021,Chonemorpha floccosa,narrow-ranged,VU
sp2035,Cinnamomum austroyunnanense,narrow-ranged,NT
sp2047,Cinnamomum javanicum,narrow-ranged,NT
sp2049,Cinnamomum kotoense,narrow-ranged,CR
sp2058,Cinnamomum osmophloeum,narrow-ranged,VU
sp2064,Cinnamomum reticulatum,narrow-ranged,LC
sp2066,Cinnamomum rufotomentosum,narrow-ranged,VU
sp2074,Cinnamomum tsoi,narrow-ranged,NT
sp2081,Cissus austroyunnanensis,narrow-ranged,LC
sp2086,Cissus repanda var. subferruginea,narrow-ranged,LC
sp2095,Cladrastis parvifolia,narrow-ranged,EN
sp2099,Claoxylon brachyandrum,narrow-ranged,LC
sp2110,Clausena odorata,narrow-ranged,NT
sp2113,Clausena yunnanensis var. longgangensis,narrow-ranged,DD
sp2118,Cleistanthus macrophyllus,narrow-ranged,LC
sp2119,Cleistanthus pedicellatus,narrow-ranged,LC
sp2122,Cleistanthus tomentosus,narrow-ranged,NT
sp2127,Clematis alternata,narrow-ranged,NT
sp2130,Clematis baominiana,narrow-ranged,LC
sp2132,Clematis brevipes,narrow-ranged,LC
sp2134,Clematis caudigera,narrow-ranged,DD
sp2135,Clematis chekiangensis,narrow-ranged,LC
sp2137,Clematis chinensis var. anhweiensis,narrow-ranged,LC
sp2163,Clematis gracilifolia var. macrantha,narrow-ranged,LC
sp2167,Clematis grewiiflora,narrow-ranged,LC
sp2175,Clematis jingdungensis,narrow-ranged,LC
sp2176,Clematis jinzhaiensis,narrow-ranged,DD
sp2182,Clematis lancifolia var. ternata,narrow-ranged,DD
sp2183,Clematis laxistrigosa,narrow-ranged,DD
sp2185,Clematis longistyla,narrow-ranged,LC
sp2187,Clematis macropetala var. albiflora,narrow-ranged,LC
sp2188,Clematis mashanensis,narrow-ranged,DD
sp2189,Clematis menglaensis,narrow-ranged,LC
sp2206,Clematis pianmaensis,narrow-ranged,DD
sp2209,Clematis pseudootophora,narrow-ranged,LC
sp2211,Clematis psilandra,narrow-ranged,LC
sp2231,Clematis tsugetorum,narrow-ranged,LC
sp2239,Clematis yuanjiangensis,narrow-ranged,LC
sp2247,Clerodendrum bungei var. megacalyx,narrow-ranged,DD
sp2250,Clerodendrum confine,narrow-ranged,LC
sp2252,Clerodendrum ervatamioides,narrow-ranged,LC
sp2259,Clerodendrum intermedium,narrow-ranged,LC
sp2272,Clerodendrum subscaposum,narrow-ranged,LC
sp2283,Clethra petelotii,narrow-ranged,CR
sp2290,Cleyera obscurinervia,narrow-ranged,LC
sp2293,Cleyera yangchunensis,narrow-ranged,CR
sp2297,Cnesmone mairei,narrow-ranged,LC
sp2299,Cnestis palala,narrow-ranged,LC
sp2303,Coleus xanthanthus,narrow-ranged,LC
sp2332,Cordia cochinchinensis,narrow-ranged,LC
sp2336,Corethrodendron fruticosum var. mongolicum,narrow-ranged,LC
sp2358,Cornus koehneana,narrow-ranged,LC
sp2367,Cornus oligophlebia,narrow-ranged,LC
sp2368,Cornus papillosa,narrow-ranged,LC
sp2380,Corylopsis henryi,narrow-ranged,LC
sp2386,Corylopsis pauciflora,narrow-ranged,DD
sp2392,Corylopsis trabeculosa,narrow-ranged,EN
sp2422,Cotoneaster chengkangensis,narrow-ranged,DD
sp2457,Cotoneaster nitidifolius,narrow-ranged,DD
sp2462,Cotoneaster reticulatus,narrow-ranged,NT
sp2468,Cotoneaster salicifolius var. angustus,narrow-ranged,LC
sp2470,Cotoneaster schantungensis,narrow-ranged,VU
sp2474,Cotoneaster soongoricus var. microcarpus,narrow-ranged,NT
sp2515,Croton chunianus,narrow-ranged,LC
sp2524,Croton laniflorus,narrow-ranged,LC
sp2526,Croton mangelong,narrow-ranged,NT
sp2542,Cryptocarya elliptifolia,narrow-ranged,CR
sp2544,Cryptocarya leiana,narrow-ranged,VU
sp2545,Cryptocarya lyoniifolia,narrow-ranged,LC
sp2547,Cryptocarya maculata,narrow-ranged,VU
sp2556,Cupressus chengiana var. jiangeensis,narrow-ranged,CR
sp2563,Cycas changjiangensis,narrow-ranged,CR
sp2569,Cycas multipinnata,narrow-ranged,EN
sp2577,Cyclea debiliflora,narrow-ranged,LC
sp2580,Cyclea longgangensis,narrow-ranged,LC
sp2583,Cyclobalanopsis albicaulis,narrow-ranged,CR
sp2584,Cyclobalanopsis annulata,narrow-ranged,LC
sp2585,Cyclobalanopsis argyrotricha,narrow-ranged,EN
sp2588,Cyclobalanopsis austroglauca,narrow-ranged,EN
sp2593,Cyclobalanopsis chingsiensis,narrow-ranged,LC
sp2598,Cyclobalanopsis edithiae,narrow-ranged,NT
sp2607,Cyclobalanopsis hypophaea,narrow-ranged,NT
sp2609,Cyclobalanopsis jinpinensis,narrow-ranged,CR
sp2614,Cyclobalanopsis litoralis,narrow-ranged,LC
sp2615,Cyclobalanopsis litseoides,narrow-ranged,DD
sp2627,Cyclobalanopsis pentacycla,narrow-ranged,LC
sp2628,Cyclobalanopsis phanera,narrow-ranged,LC
sp2629,Cyclobalanopsis poilanei,narrow-ranged,LC
sp2631,Cyclobalanopsis saravanensis,narrow-ranged,DD
sp2637,Cyclobalanopsis tenuicupula,narrow-ranged,CR
sp2639,Cyclobalanopsis tomentosinervis,narrow-ranged,LC
sp2641,Cyclobalanopsis yingjiangensis,narrow-ranged,VU
sp2642,Cyclobalanopsis yonganensis,narrow-ranged,LC
sp2645,Cypholophus moluccanus,narrow-ranged,LC
sp2647,Cyrtandra umbellifera,narrow-ranged,LC
sp2665,Dalbergia jingxiensis,narrow-ranged,DD
sp2671,Dalbergia peishaensis,narrow-ranged,VU
sp2683,Damnacanthus hainanensis,narrow-ranged,NT
sp2687,Damnacanthus major,narrow-ranged,VU
sp2693,Daphne axillaris,narrow-ranged,VU
sp2695,Daphne bholua var. glacialis,narrow-ranged,LC
sp2696,Daphne brevituba,narrow-ranged,EN
sp2698,Daphne depauperata,narrow-ranged,VU
sp2699,Daphne emeiensis,narrow-ranged,VU
sp2705,Daphne gracilis,narrow-ranged,VU
sp2709,Daphne jinzhaiensis,narrow-ranged,LC
sp2711,Daphne leishanensis,narrow-ranged,LC
sp2713,Daphne longituba,narrow-ranged,NT
sp2725,Daphne tripartita,narrow-ranged,LC
sp2726,Daphne xichouensis,narrow-ranged,NT
sp2727,Daphne yunnanensis,narrow-ranged,LC
sp2746,Decaspermum albociliatum,narrow-ranged,VU
sp2747,Decaspermum austrohainanicum,narrow-ranged,CR
sp2752,Decaspermum teretis,narrow-ranged,LC
sp2756,Dehaasia incrassata,narrow-ranged,LC
sp2770,Dendrocalamus jianshuiensis,narrow-ranged,DD
sp2784,Dendrocnide stimulans,narrow-ranged,LC
sp2786,Dendrolobium dispermum,narrow-ranged,EN
sp2800,Dendrotrophe platyphylla,narrow-ranged,LC
sp2802,Dendrotrophe umbellata,narrow-ranged,LC
sp2805,Derris breviramosa,narrow-ranged,NT
sp2812,Derris harrowiana,narrow-ranged,NT
sp2815,Derris palmifolia,narrow-ranged,CR
sp2821,Desmodium amethystinum,narrow-ranged,LC
sp2825,Desmodium gracillimum,narrow-ranged,LC
sp2838,Desmodium styracifolium,narrow-ranged,LC
sp2844,Desmos grandifolius,narrow-ranged,EN
sp2851,Deutzia breviloba,narrow-ranged,LC
sp2853,Deutzia cinerascens,narrow-ranged,LC
sp2857,Deutzia cymuligera,narrow-ranged,LC
sp2860,Deutzia faberi,narrow-ranged,LC
sp2875,Deutzia multiradiata,narrow-ranged,LC
sp2878,Deutzia obtusilobata,narrow-ranged,DD
sp2892,Deutzia taibaiensis,narrow-ranged,NT
sp2895,Dicerma biarticulatum,narrow-ranged,LC
sp2902,Dichroa mollissima,narrow-ranged,NT
sp2904,Dichroa yunnanensis,narrow-ranged,EN
sp2912,Dimocarpus yunnanensis,narrow-ranged,CR
sp2913,Dimorphocalyx poilanei,narrow-ranged,LC
sp2914,Diospyros anisocalyx,narrow-ranged,EN
sp2915,Diospyros armata,narrow-ranged,DD
sp2916,Diospyros caloneura,narrow-ranged,LC
sp2918,Diospyros chunii,narrow-ranged,LC
sp2923,Diospyros esquirolii,narrow-ranged,LC
sp2924,Diospyros fanjingshanica,narrow-ranged,DD
sp2925,Diospyros ferrea,narrow-ranged,LC
sp2927,Diospyros hasseltii,narrow-ranged,EN
sp2928,Diospyros howii,narrow-ranged,LC
sp2934,Diospyros kintungensis,narrow-ranged,LC
sp2935,Diospyros kotoensis,narrow-ranged,LC
sp2939,Diospyros maclurei,narrow-ranged,LC
sp2941,Diospyros metcalfii,narrow-ranged,LC
sp2945,Diospyros nitida,narrow-ranged,LC
sp2955,Diospyros saxicola,narrow-ranged,LC
sp2961,Diospyros sutchuensis,narrow-ranged,CR
sp2964,Diospyros unisemina,narrow-ranged,LC
sp2968,Diospyros zhenfengensis,narrow-ranged,DD
sp2976,Diploblechnum fraseri,narrow-ranged,CR
sp2981,Diploknema yunnanensis,narrow-ranged,LC
sp2988,Dipteronia dyeriana,narrow-ranged,EN
sp2995,Distyliopsis salicifolia,narrow-ranged,DD
sp3014,Dodecadenia grandiflora var. griffithii,narrow-ranged,LC
sp3016,Dolichandrone spathacea,narrow-ranged,LC
sp3021,Dracaena hokouensis,narrow-ranged,LC
sp3022,Dracaena terniflora,narrow-ranged,NT
sp3024,Dracontomelon macrocarpum,narrow-ranged,EN
sp3038,Drypetes hoaensis,narrow-ranged,LC
sp3041,Drypetes littoralis,narrow-ranged,LC
sp3042,Drypetes longistipitata,narrow-ranged,LC
sp3053,Dysolobium grande,narrow-ranged,NT
sp3054,Dysoxylum arborescens,narrow-ranged,EN
sp3055,Dysoxylum cumingianum,narrow-ranged,LC
sp3056,Dysoxylum densiflorum,narrow-ranged,LC
sp3065,Dysoxylum parasiticum,narrow-ranged,CR
sp3069,Echinacanthus longzhouensis,narrow-ranged,LC
sp3070,Edgeworthia albiflora,narrow-ranged,VU
sp3071,Edgeworthia eriosolenoides,narrow-ranged,LC
sp3074,Ehretia changjiangensis,narrow-ranged,DD
sp3078,Ehretia hainanensis,narrow-ranged,LC
sp3087,Elaeagnus bambusetorum,narrow-ranged,DD
sp3089,Elaeagnus calcarea,narrow-ranged,NT
sp3090,Elaeagnus cinnamomifolia,narrow-ranged,VU
sp3095,Elaeagnus formosana,narrow-ranged,LC
sp3100,Elaeagnus guizhouensis,narrow-ranged,LC
sp3111,Elaeagnus ovata,narrow-ranged,DD
sp3115,Elaeagnus pingnanensis,narrow-ranged,LC
sp3118,Elaeagnus schlechtendalii,narrow-ranged,DD
sp3120,Elaeagnus tarokoensis,narrow-ranged,VU
sp3122,Elaeagnus tonkinensis,narrow-ranged,LC
sp3127,Elaeagnus yunnanensis,narrow-ranged,DD
sp3129,Elaeocarpus argenteus,narrow-ranged,LC
sp3130,Elaeocarpus auricomus,narrow-ranged,VU
sp3135,Elaeocarpus brachystachyus,narrow-ranged,LC
sp3136,Elaeocarpus brachystachyus var. fengii,narrow-ranged,LC
sp3138,Elaeocarpus decandrus,narrow-ranged,NT
sp3143,Elaeocarpus glabripetalus var. alatus,narrow-ranged,NT
sp3145,Elaeocarpus harmandii,narrow-ranged,CR
sp3153,Elaeocarpus longlingensis,narrow-ranged,NT
sp3156,Elaeocarpus oblongilimbus,narrow-ranged,EN
sp3162,Elaeocarpus sphaerocarpus,narrow-ranged,VU
sp3163,Elaeocarpus subpetiolatus,narrow-ranged,CR
sp3167,Eleutherococcus baoxinensis,narrow-ranged,DD
sp3217,Endiandra dolichocarpa,narrow-ranged,EN
sp3218,Endiandra hainanensis,narrow-ranged,NT
sp3227,Enkianthus deflexus var. glabrescens,narrow-ranged,DD
sp3232,Entada parvifolia,narrow-ranged,EN
sp3258,Eriobotrya malipoensis,narrow-ranged,EN
sp3272,Erycibe expansa,narrow-ranged,LC
sp3276,Erycibe oligantha,narrow-ranged,LC
sp3291,Euchresta tubulosa var. brevituba,narrow-ranged,LC
sp3292,Euchresta tubulosa var. longiracemosa,narrow-ranged,VU
sp3297,Euonymus aculeolus,narrow-ranged,DD
sp3298,Euonymus balansae,narrow-ranged,LC
sp3303,Euonymus chengii,narrow-ranged,VU
sp3308,Euonymus dolichopus,narrow-ranged,DD
sp3311,Euonymus ficoides,narrow-ranged,EN
sp3317,Euonymus hainanensis,narrow-ranged,EN
sp3320,Euonymus hupehensis,narrow-ranged,LC
sp3321,Euonymus kachinensis,narrow-ranged,NT
sp3323,Euonymus kweichowensis,narrow-ranged,DD
sp3324,Euonymus laxicymosus,narrow-ranged,LC
sp3334,Euonymus parasimilis,narrow-ranged,DD
sp3344,Euonymus serratifolius,narrow-ranged,LC
sp3346,Euonymus subcordatus,narrow-ranged,DD
sp3348,Euonymus tashiroi,narrow-ranged,NT
sp3349,Euonymus tenuiserratus,narrow-ranged,DD
sp3356,Euonymus verrucocarpus,narrow-ranged,EN
sp3362,Euphorbia hainanensis,narrow-ranged,EN
sp3372,Eurya bifidostyla,narrow-ranged,CR
sp3384,Eurya emarginata,narrow-ranged,LC
sp3386,Eurya fangii var. megaphylla,narrow-ranged,NT
sp3387,Eurya glaberrima,narrow-ranged,LC
sp3404,Eurya leptophylla,narrow-ranged,LC
sp3407,Eurya lunglingensis,narrow-ranged,CR
sp3418,Eurya ovatifolia,narrow-ranged,LC
sp3422,Eurya perserrata,narrow-ranged,LC
sp3423,Eurya persicifolia,narrow-ranged,VU
sp3424,Eurya pittosporifolia,narrow-ranged,EN
sp3426,Eurya prunifolia,narrow-ranged,NT
sp3430,Eurya rengechiensis,narrow-ranged,VU
sp3441,Eurya velutina,narrow-ranged,CR
sp3445,Eurysolen gracilis,narrow-ranged,LC
sp3453,Excentrodendron obconicum,narrow-ranged,CR
sp3458,Excoecaria kawakamii,narrow-ranged,EN
sp3474,Fargesia acuticontracta,narrow-ranged,DD
sp3475,Fargesia adpressa,narrow-ranged,DD
sp3476,Fargesia albocerea,narrow-ranged,LC
sp3477,Fargesia altior,narrow-ranged,LC
sp3478,Fargesia angustissima,narrow-ranged,LC
sp3479,Fargesia brevissima,narrow-ranged,LC
sp3480,Fargesia caduca,narrow-ranged,DD
sp3482,Fargesia circinata,narrow-ranged,DD
sp3483,Fargesia communis,narrow-ranged,LC
sp3484,Fargesia conferta,narrow-ranged,LC
sp3487,Fargesia declivis,narrow-ranged,LC
sp3491,Fargesia dura,narrow-ranged,LC
sp3492,Fargesia edulis,narrow-ranged,LC
sp3499,Fargesia gongshanensis,narrow-ranged,DD
sp3501,Fargesia hsuehiana,narrow-ranged,DD
sp3502,Fargesia hygrophila,narrow-ranged,LC
sp3503,Fargesia jiulongensis,narrow-ranged,LC
sp3504,Fargesia longiuscula,narrow-ranged,DD
sp3505,Fargesia lushuiensis,narrow-ranged,LC
sp3507,Fargesia mali,narrow-ranged,LC
sp3511,Fargesia orbiculata,narrow-ranged,DD
sp3512,Fargesia papyrifera,narrow-ranged,LC
sp3513,Fargesia pauciflora,narrow-ranged,LC
sp3514,Fargesia perlonga,narrow-ranged,LC
sp3515,Fargesia pleniculmis,narrow-ranged,DD
sp3516,Fargesia plurisetosa,narrow-ranged,DD
sp3518,Fargesia praecipua,narrow-ranged,DD
sp3521,Fargesia rufa,narrow-ranged,LC
sp3522,Fargesia sagittatinea,narrow-ranged,LC
sp3523,Fargesia scabrida,narrow-ranged,LC
sp3524,Fargesia semicoriacea,narrow-ranged,LC
sp3525,Fargesia stenoclada,narrow-ranged,LC
sp3528,Fernandoa guangxiensis,narrow-ranged,EN
sp3534,Ficus aurantiaca,narrow-ranged,LC
sp3540,Ficus cardiophylla,narrow-ranged,EN
sp3546,Ficus cumingii,narrow-ranged,LC
sp3559,Ficus fusuiensis,narrow-ranged,EN
sp3563,Ficus geniculata,narrow-ranged,NT
sp3565,Ficus guangxiensis,narrow-ranged,LC
sp3581,Ficus napoensis,narrow-ranged,CR
sp3585,Ficus ovatifolia,narrow-ranged,DD
sp3587,Ficus pedunculosa,narrow-ranged,LC
sp3589,Ficus polynervis,narrow-ranged,NT
sp3591,Ficus prostrata,narrow-ranged,LC
sp3593,Ficus pubigera var. anserina,narrow-ranged,LC
sp3603,Ficus ruficaulis,narrow-ranged,LC
sp3628,Ficus tinctoria ssp. swinhoei,narrow-ranged,LC
sp3629,Ficus trichocarpa var. obtusa,narrow-ranged,NT
sp3631,Ficus trivia var. laevigata,narrow-ranged,NT
sp3634,Ficus undulata,narrow-ranged,EN
sp3643,Firmiana danxiaensis,narrow-ranged,CR
sp3650,Fissistigma balansae,narrow-ranged,LC
sp3662,Fissistigma tungfangense,narrow-ranged,EN
sp3672,Flemingia involucrata,narrow-ranged,NT
sp3677,Flemingia mengpengensis,narrow-ranged,LC
sp3680,Flemingia procumbens,narrow-ranged,LC
sp3681,Flemingia stricta,narrow-ranged,LC
sp3684,Flueggea acicularis,narrow-ranged,LC
sp3697,Forsythia mira,narrow-ranged,NT
sp3703,Fraxinus depauperata,narrow-ranged,LC
sp3714,Fraxinus sogdiana,narrow-ranged,VU
sp3718,Freycinetia formosana,narrow-ranged,LC
sp3724,Garcinia kwangsiensis,narrow-ranged,EN
sp3726,Garcinia linii,narrow-ranged,LC
sp3729,Garcinia oligantha,narrow-ranged,LC
sp3736,Gardenia angkorensis,narrow-ranged,EN
sp3765,Gaultheria longiracemosa,narrow-ranged,NT
sp3766,Gaultheria notabilis,narrow-ranged,CR
sp3769,Gaultheria prostrata,narrow-ranged,LC
sp3770,Gaultheria pseudonotabilis,narrow-ranged,NT
sp3773,Gaultheria sinensis var. nivea,narrow-ranged,LC
sp3779,Gelidocalamus annulatus,narrow-ranged,LC
sp3780,Gelidocalamus kunishii,narrow-ranged,LC
sp3781,Gelidocalamus latifolius,narrow-ranged,VU
sp3783,Gelidocalamus multifolius,narrow-ranged,LC
sp3784,Gelidocalamus rutilans,narrow-ranged,NT
sp3785,Gelidocalamus solidus,narrow-ranged,LC
sp3787,Gelidocalamus tessellatus,narrow-ranged,VU
sp3793,Gigantochloa nigrociliata,narrow-ranged,NT
sp3794,Gigantochloa parviflora,narrow-ranged,DD
sp3801,Gleditsia japonica var. velutina,narrow-ranged,CR
sp3817,Glochidion lutescens,narrow-ranged,LC
sp3820,Glochidion oblatum,narrow-ranged,LC
sp3835,Glycosmis longifolia,narrow-ranged,DD
sp3838,Glycosmis oligantha,narrow-ranged,NT
sp3843,Glyptopetalum aquifolium,narrow-ranged,CR
sp3845,Glyptopetalum fengii,narrow-ranged,LC
sp3846,Glyptopetalum geloniifolium,narrow-ranged,NT
sp3857,Gmelina lecomtei,narrow-ranged,VU
sp3858,Gmelina szechwanensis,narrow-ranged,CR
sp3859,Gnetum catasphaericum,narrow-ranged,LC
sp3860,Gnetum giganteum,narrow-ranged,VU
sp3861,Gnetum gnemon,narrow-ranged,DD
sp3871,Gomphostemma callicarpoides,narrow-ranged,LC
sp3875,Gomphostemma lucidum var. intermedium,narrow-ranged,NT
sp3876,Gongronema multibracteolatum,narrow-ranged,DD
sp3879,Goniothalamus amuyon,narrow-ranged,LC
sp3880,Goniothalamus cheliensis,narrow-ranged,CR
sp3885,Goniothalamus leiocarpus,narrow-ranged,VU
sp3886,Goniothalamus yunnanensis,narrow-ranged,LC
sp3894,Grewia angustisepala,narrow-ranged,LC
sp3900,Grewia chuniana,narrow-ranged,LC
sp3902,Grewia cuspidatoserrata,narrow-ranged,NT
sp3905,Grewia kwangtungensis,narrow-ranged,LC
sp3906,Grewia macropetala,narrow-ranged,NT
sp3914,Guettarda speciosa,narrow-ranged,LC
sp3915,Guihaia argyrata,narrow-ranged,LC
sp3916,Guihaiothamnus acaulis,narrow-ranged,CR
sp3918,Gymnema hainanense,narrow-ranged,LC
sp3928,Gymnosporia emarginata,narrow-ranged,EN
sp3929,Gymnosporia esquirolii,narrow-ranged,EN
sp3931,Gymnosporia jinyangensis,narrow-ranged,EN
sp3934,Gymnosporia tiaoloshanensis,narrow-ranged,EN
sp3951,Hedyotis hainanensis,narrow-ranged,LC
sp3958,Helicia dongxingensis,narrow-ranged,NT
sp3959,Helicia falcata,narrow-ranged,LC
sp3976,Helicia yangchunensis,narrow-ranged,LC
sp3977,Heliciopsis henryi,narrow-ranged,LC
sp3984,Helicteres obtusa,narrow-ranged,NT
sp4000,Hemiboeopsis longisepala,narrow-ranged,EN
sp4033,Hibiscus taiwanensis,narrow-ranged,CR
sp4035,Hibiscus yunnanensis,narrow-ranged,EN
sp4036,Himalayacalamus falconeri,narrow-ranged,LC
sp4051,Hiptage candicans var. harmandiana,narrow-ranged,LC
sp4052,Hiptage fraxinifolia,narrow-ranged,LC
sp4054,Hiptage multiflora,narrow-ranged,DD
sp4065,Homalium breviracemosum,narrow-ranged,LC
sp4068,Homalium kwangsiense,narrow-ranged,EN
sp4072,Homalium sabiifolium,narrow-ranged,EN
sp4077,Hopea reticulata,narrow-ranged,CR
sp4094,Huodendron tomentosum var. guangxiense,narrow-ranged,LC
sp4096,Hydnocarpus hainanensis,narrow-ranged,VU
sp4100,Hydrangea candida,narrow-ranged,LC
sp4104,Hydrangea coacta,narrow-ranged,LC
sp4112,Hydrangea kawakamii,narrow-ranged,LC
sp4119,Hydrangea longipes var. fulvescens,narrow-ranged,LC
sp4120,Hydrangea longipes var. lanceolata,narrow-ranged,LC
sp4141,Hypericum cohaerens,narrow-ranged,NT
sp4144,Hypericum formosanum,narrow-ranged,EN
sp4159,Hypericum nakamurae,narrow-ranged,LC
sp4166,Hypericum subsessile,narrow-ranged,LC
sp4168,Hypericum wardianum,narrow-ranged,LC
sp4177,Idesia polycarpa var. fujianensis,narrow-ranged,LC
sp4181,Ilex arisanensis,narrow-ranged,EN
sp4186,Ilex austrosinensis,narrow-ranged,LC
sp4192,Ilex chamaebuxus,narrow-ranged,LC
sp4196,Ilex chengkouensis,narrow-ranged,VU
sp4210,Ilex cupreonitens,narrow-ranged,LC
sp4212,Ilex dabieshanensis,narrow-ranged,EN
sp4213,Ilex dasyclada,narrow-ranged,LC
sp4215,Ilex dehongensis,narrow-ranged,VU
sp4221,Ilex denticulata,narrow-ranged,LC
sp4225,Ilex dolichopoda,narrow-ranged,LC
sp4229,Ilex estriata,narrow-ranged,LC
sp4232,Ilex fargesii var. angustifolia,narrow-ranged,LC
sp4233,Ilex fengqingensis,narrow-ranged,VU
sp4238,Ilex formosana var. macropyrena,narrow-ranged,LC
sp4249,Ilex graciliflora,narrow-ranged,EN
sp4250,Ilex gracilis,narrow-ranged,LC
sp4251,Ilex guizhouensis,narrow-ranged,DD
sp4254,Ilex hayatana,narrow-ranged,LC
sp4263,Ilex jinyunensis,narrow-ranged,LC
sp4264,Ilex jiuwanshanensis,narrow-ranged,LC
sp4268,Ilex kobuskiana,narrow-ranged,LC
sp4269,Ilex kunmingensis,narrow-ranged,LC
sp4270,Ilex kusanoi,narrow-ranged,NT
sp4275,Ilex liana,narrow-ranged,CR
sp4276,Ilex liangii,narrow-ranged,LC
sp4277,Ilex lihuaensis,narrow-ranged,LC
sp4281,Ilex longzhouensis,narrow-ranged,EN
sp4283,Ilex machilifolia,narrow-ranged,VU
sp4284,Ilex maclurei,narrow-ranged,LC
sp4286,Ilex macrocarpa var. reevesiae,narrow-ranged,LC
sp4288,Ilex macrostigma,narrow-ranged,NT
sp4290,Ilex maximowicziana,narrow-ranged,EN
sp4297,Ilex micropyrena,narrow-ranged,LC
sp4299,Ilex nanchuanensis,narrow-ranged,CR
sp4305,Ilex nuculicava var. glabra,narrow-ranged,LC
sp4307,Ilex occulta,narrow-ranged,VU
sp4311,Ilex peiradena,narrow-ranged,LC
sp4312,Ilex pentagona,narrow-ranged,LC
sp4313,Ilex perlata,narrow-ranged,EN
sp4316,Ilex pingheensis,narrow-ranged,DD
sp4319,Ilex polypyrena,narrow-ranged,NT
sp4321,Ilex pubescens var. kwangsiensis,narrow-ranged,LC
sp4324,Ilex pyrifolia,narrow-ranged,LC
sp4325,Ilex qianlingshanensis,narrow-ranged,DD
sp4327,Ilex retusifolia,narrow-ranged,LC
sp4328,Ilex robusta,narrow-ranged,LC
sp4329,Ilex robustinervosa,narrow-ranged,LC
sp4334,Ilex shennongjiaensis,narrow-ranged,EN
sp4335,Ilex shimeica,narrow-ranged,VU
sp4340,Ilex strigillosa,narrow-ranged,LC
sp4342,Ilex subcoriacea,narrow-ranged,NT
sp4345,Ilex sublongecaudata,narrow-ranged,DD
sp4349,Ilex suichangensis,narrow-ranged,DD
sp4351,Ilex syzygiophylla,narrow-ranged,NT
sp4353,Ilex szechwanensis var. mollissima,narrow-ranged,LC
sp4354,Ilex tamii,narrow-ranged,NT
sp4355,Ilex tenuis,narrow-ranged,LC
sp4357,Ilex tetramera var. glabra,narrow-ranged,LC
sp4358,Ilex trichocarpa,narrow-ranged,DD
sp4365,Ilex venosa,narrow-ranged,LC
sp4375,Ilex xiaojinensis,narrow-ranged,LC
sp4377,Ilex yangchunensis,narrow-ranged,LC
sp4398,Illicium philippinense,narrow-ranged,LC
sp4400,Illicium tashiroi,narrow-ranged,LC
sp4408,Illigera cordata var. mollissima,narrow-ranged,EN
sp4409,Illigera glabra,narrow-ranged,LC
sp4411,Illigera luzonensis,narrow-ranged,LC
sp4415,Illigera pseudoparviflora,narrow-ranged,LC
sp4418,Illigera trifoliata ssp. cucullata,narrow-ranged,LC
sp4419,Indigofera acutipetala,narrow-ranged,LC
sp4425,Indigofera byobiensis,narrow-ranged,LC
sp4429,Indigofera chenii,narrow-ranged,CR
sp4432,Indigofera decora var. chalara,narrow-ranged,DD
sp4443,Indigofera hebepetala var. glabra,narrow-ranged,LC
sp4447,Indigofera jikongensis,narrow-ranged,LC
sp4448,Indigofera jindongensis,narrow-ranged,LC
sp4461,Indigofera penduloides,narrow-ranged,LC
sp4462,Indigofera ramulosissima,narrow-ranged,LC
sp4468,Indigofera sticta,narrow-ranged,LC
sp4470,Indigofera trifoliata,narrow-ranged,LC
sp4471,Indigofera trifoliata var. zhengkangensis,narrow-ranged,LC
sp4472,Indigofera venulosa,narrow-ranged,LC
sp4474,Indocalamus barbatus,narrow-ranged,LC
sp4478,Indocalamus guangdongensis var. mollis,narrow-ranged,DD
sp4479,Indocalamus hirsutissimus,narrow-ranged,LC
sp4480,Indocalamus hirtivaginatus,narrow-ranged,DD
sp4481,Indocalamus hispidus,narrow-ranged,LC
sp4483,Indocalamus inaequilaterus,narrow-ranged,DD
sp4488,Indocalamus quadratus,narrow-ranged,LC
sp4489,Indocalamus sinicus,narrow-ranged,LC
sp4494,Indosasa angustata,narrow-ranged,LC
sp4500,Indosasa lipoensis,narrow-ranged,VU
sp4506,Indosasa triangulata,narrow-ranged,DD
sp4511,Isodon brevifolius,narrow-ranged,LC
sp4513,Isodon dawoensis,narrow-ranged,LC
sp4518,Isodon hirtellus,narrow-ranged,LC
sp4521,Isodon lihsienensis,narrow-ranged,NT
sp4523,Isodon medilungensis,narrow-ranged,EN
sp4536,Isodon silvaticus,narrow-ranged,EN
sp4537,Isodon smithianus,narrow-ranged,LC
sp4541,Isodon xerophilus,narrow-ranged,LC
sp4550,Itea kwangsiensis,narrow-ranged,LC
sp4552,Itea oldhamii,narrow-ranged,LC
sp4555,Itea yangchunensis,narrow-ranged,LC
sp4559,Itoa orientalis var. glabrescens,narrow-ranged,CR
sp4571,Ixora philippinensis,narrow-ranged,CR
sp4573,Ixora tsangii,narrow-ranged,NT
sp4583,Jasminum flexile,narrow-ranged,LC
sp4585,Jasminum guangxiense,narrow-ranged,EN
sp4590,Jasminum longitubum,narrow-ranged,DD
sp4600,Jasminum rehderianum,narrow-ranged,NT
sp4601,Jasminum rufohirtum,narrow-ranged,LC
sp4608,Jasminum yuanjiangense,narrow-ranged,LC
sp4617,Juniperus chinensis var. tsukusiensis,narrow-ranged,EN
sp4627,Juniperus procumbens,narrow-ranged,LC
sp4651,Keenania flava,narrow-ranged,NT
sp4652,Keenania tonkinensis,narrow-ranged,VU
sp4659,Keteleeria fortunei var. oblonga,narrow-ranged,CR
sp4660,Keteleeria hainanensis,narrow-ranged,EN
sp4668,Knema tonkinensis,narrow-ranged,LC
sp4679,Lagerstroemia anhuiensis,narrow-ranged,DD
sp4685,Lagerstroemia guilinensis,narrow-ranged,EN
sp4690,Lagerstroemia suprareticulata,narrow-ranged,EN
sp4692,Lagerstroemia venusta,narrow-ranged,LC
sp4693,Lagerstroemia villosa,narrow-ranged,VU
sp4699,Larix himalaica,narrow-ranged,LC
sp4700,Larix kongboensis,narrow-ranged,DD
sp4702,Larix olgensis,narrow-ranged,LC
sp4715,Lasianthus chevalieri,narrow-ranged,LC
sp4733,Lasianthus linearisepalus,narrow-ranged,LC
sp4739,Lasianthus rigidus,narrow-ranged,VU
sp4748,Laurocerasus dolichophylla,narrow-ranged,LC
sp4753,Laurocerasus menghaiensis,narrow-ranged,CR
sp4765,Leea longifolia,narrow-ranged,LC
sp4766,Leea philippinensis,narrow-ranged,NT
sp4767,Lepisanthes hainanensis,narrow-ranged,NT
sp4770,Lepisanthes unilocularis,narrow-ranged,EX
sp4771,Leptaspis banksii,narrow-ranged,LC
sp4773,Leptodermis brevisepala,narrow-ranged,NT
sp4779,Leptodermis gracilis var. longiflora,narrow-ranged,LC
sp4781,Leptodermis hirsutiflora var. ciliate,narrow-ranged,LC
sp4782,Leptodermis lanata,narrow-ranged,NT
sp4783,Leptodermis limprichtii,narrow-ranged,LC
sp4791,Leptodermis rehderiana,narrow-ranged,DD
sp4797,Leptodermis umbellata,narrow-ranged,LC
sp4799,Leptodermis vestita,narrow-ranged,LC
sp4804,Leptopus fangdingianus,narrow-ranged,EN
sp4826,Leucosyke quadrinervia,narrow-ranged,LC
sp4827,Leucothoe tonkinensis,narrow-ranged,NT
sp4832,Leycesteria stipulata,narrow-ranged,EN
sp4833,Licuala dasyantha,narrow-ranged,LC
sp4836,Ligustrum angustum,narrow-ranged,LC
sp4848,Ligustrum morrisonense,narrow-ranged,VU
sp4849,Ligustrum obovatilimbum,narrow-ranged,NT
sp4851,Ligustrum obtusifolium ssp. suave,narrow-ranged,LC
sp4854,Ligustrum punctifolium,narrow-ranged,LC
sp4862,Ligustrum sinense var. opienense,narrow-ranged,DD
sp4865,Ligustrum tenuipes,narrow-ranged,DD
sp4866,Ligustrum xingrenense,narrow-ranged,LC
sp4878,Lindera foveolata,narrow-ranged,LC
sp4889,Lindera menghaiensis,narrow-ranged,VU
sp4915,Lirianthe albosericea,narrow-ranged,EN
sp4920,Lirianthe fujianensis,narrow-ranged,DD
sp4926,Lithocarpus apricus,narrow-ranged,EN
sp4927,Lithocarpus areca,narrow-ranged,VU
sp4928,Lithocarpus attenuatus,narrow-ranged,NT
sp4931,Lithocarpus bonnetii,narrow-ranged,LC
sp4932,Lithocarpus brachystachyus,narrow-ranged,NT
sp4934,Lithocarpus calolepis,narrow-ranged,NT
sp4936,Lithocarpus carolineae,narrow-ranged,EN
sp4937,Lithocarpus caudatilimbus,narrow-ranged,NT
sp4938,Lithocarpus chiungchungensis,narrow-ranged,EN
sp4940,Lithocarpus cinereus,narrow-ranged,NT
sp4946,Lithocarpus corneus var. angustifolius,narrow-ranged,DD
sp4947,Lithocarpus corneus var. zonatus,narrow-ranged,DD
sp4949,Lithocarpus crassifolius,narrow-ranged,VU
sp4950,Lithocarpus cucullatus,narrow-ranged,EN
sp4952,Lithocarpus damiaoshanicus,narrow-ranged,DD
sp4954,Lithocarpus dodonaeifolius,narrow-ranged,LC
sp4956,Lithocarpus echinophorus var. bidoupensis,narrow-ranged,CR
sp4957,Lithocarpus echinotholus,narrow-ranged,VU
sp4958,Lithocarpus elaeagnifolius,narrow-ranged,NT
sp4960,Lithocarpus fangii,narrow-ranged,LC
sp4967,Lithocarpus formosanus,narrow-ranged,LC
sp4969,Lithocarpus garrettianus,narrow-ranged,NT
sp4974,Lithocarpus handelianus,narrow-ranged,NT
sp4977,Lithocarpus howii,narrow-ranged,EN
sp4981,Lithocarpus ithyphyllus,narrow-ranged,LC
sp4982,Lithocarpus jenkinsii,narrow-ranged,CR
sp4987,Lithocarpus levis,narrow-ranged,EN
sp4990,Lithocarpus litseifolius var. pubescens,narrow-ranged,NT
sp4993,Lithocarpus lycoperdon,narrow-ranged,VU
sp4994,Lithocarpus macilentus,narrow-ranged,EN
sp4999,Lithocarpus melanochromus,narrow-ranged,VU
sp5004,Lithocarpus nitidinux,narrow-ranged,DD
sp5005,Lithocarpus oblanceolatus,narrow-ranged,NT
sp5011,Lithocarpus pakhaensis,narrow-ranged,EN
sp5015,Lithocarpus propinquus,narrow-ranged,VU
sp5018,Lithocarpus quercifolius,narrow-ranged,EN
sp5021,Lithocarpus shinsuiensis,narrow-ranged,LC
sp5026,Lithocarpus taitoensis,narrow-ranged,LC
sp5027,Lithocarpus talangensis,narrow-ranged,VU
sp5030,Lithocarpus triqueter,narrow-ranged,DD
sp5036,Lithocarpus yongfuensis,narrow-ranged,CR
sp5043,Litsea beilschmiediifolia,narrow-ranged,VU
sp5061,Litsea garciae,narrow-ranged,LC
sp5063,Litsea glutinosa var. brideliifolia,narrow-ranged,LC
sp5079,Litsea litseifolia,narrow-ranged,EN
sp5082,Litsea machiloides,narrow-ranged,EN
sp5087,Litsea morrisonensis,narrow-ranged,LC
sp5089,Litsea moupinensis var. szechuanica,narrow-ranged,LC
sp5108,Litsea tibetana,narrow-ranged,EN
sp5115,Litsea veitchiana var. trichocarpa,narrow-ranged,LC
sp5124,Loeseneriella griseoramula,narrow-ranged,VU
sp5135,Lonicera buddleioides,narrow-ranged,LC
sp5136,Lonicera caerulea var. altaica,narrow-ranged,LC
sp5143,Lonicera ciliosissima,narrow-ranged,LC
sp5145,Lonicera codonantha,narrow-ranged,VU
sp5154,Lonicera fragilis,narrow-ranged,VU
sp5170,Lonicera kawakamii,narrow-ranged,LC
sp5176,Lonicera longiflora,narrow-ranged,LC
sp5177,Lonicera longituba,narrow-ranged,LC
sp5186,Lonicera minutifolia,narrow-ranged,EN
sp5195,Lonicera oiwakensis,narrow-ranged,VU
sp5223,Lonicera tricalysioides,narrow-ranged,VU
sp5228,Lonicera tubuliflora,narrow-ranged,LC
sp5237,Loranthus pseudo-odoratus,narrow-ranged,DD
sp5240,Loropetalum chinense var. rubrum,narrow-ranged,LC
sp5243,Loxostigma brevipetiolatum,narrow-ranged,NT
sp5245,Loxostigma fimbrisepalum,narrow-ranged,LC
sp5254,Lycium barbarum var. auranticarpum,narrow-ranged,DD
sp5276,Lysionotus denticulosus,narrow-ranged,LC
sp5282,Lysionotus heterophyllus var. mollis,narrow-ranged,NT
sp5284,Lysionotus kwangsiensis,narrow-ranged,LC
sp5285,Lysionotus levipes,narrow-ranged,NT
sp5286,Lysionotus longipedunculatus,narrow-ranged,LC
sp5288,Lysionotus microphyllus,narrow-ranged,LC
sp5289,Lysionotus oblongifolius,narrow-ranged,LC
sp5295,Lysionotus serratus var. pterocaulis,narrow-ranged,LC
sp5297,Lysionotus sulphureus,narrow-ranged,LC
sp5311,Macaranga sinensis,narrow-ranged,EN
sp5323,Machilus cicatricosa,narrow-ranged,NT
sp5324,Machilus daozhenensis,narrow-ranged,NT
sp5334,Machilus gracillima,narrow-ranged,CR
sp5335,Machilus grandibracteata,narrow-ranged,LC
sp5339,Machilus kurzii,narrow-ranged,LC
sp5341,Machilus lenticellata,narrow-ranged,EN
sp5345,Machilus lohuiensis,narrow-ranged,NT
sp5346,Machilus longipes,narrow-ranged,CR
sp5347,Machilus mangdangshanensis,narrow-ranged,VU
sp5348,Machilus melanophylla,narrow-ranged,VU
sp5349,Machilus miaoshanensis,narrow-ranged,NT
sp5356,Machilus nanchuanensis,narrow-ranged,VU
sp5367,Machilus pyramidalis,narrow-ranged,VU
sp5372,Machilus salicoides,narrow-ranged,EX
sp5376,Machilus sichuanensis,narrow-ranged,EN
sp5377,Machilus submultinervia,narrow-ranged,VU
sp5381,Machilus velutinoides,narrow-ranged,NT
sp5382,Machilus verruculosa,narrow-ranged,EN
sp5387,Machilus zuihoensis var. mushaensis,narrow-ranged,LC
sp5394,Macropanax chienii,narrow-ranged,VU
sp5397,Macropanax paucinervis,narrow-ranged,EN
sp5402,Macrosolen robinsonii,narrow-ranged,LC
sp5404,Maddenia fujianensis,narrow-ranged,CR
sp5412,Maesa acuminatissima,narrow-ranged,LC
sp5413,Maesa ambigua,narrow-ranged,NT
sp5415,Maesa brevipaniculata,narrow-ranged,LC
sp5418,Maesa confusa,narrow-ranged,LC
sp5424,Maesa macilenta,narrow-ranged,NT
sp5434,Maesa reticulata,narrow-ranged,NT
sp5436,Maesa salicifolia,narrow-ranged,LC
sp5442,Mahonia decipiens,narrow-ranged,VU
sp5448,Mahonia hancockiana,narrow-ranged,VU
sp5454,Mahonia paucijuga,narrow-ranged,LC
sp5456,Mahonia retinervis,narrow-ranged,VU
sp5457,Mahonia setosa,narrow-ranged,DD
sp5474,Mallotus lotingensis,narrow-ranged,LC
sp5511,Malus transitoria var. glabrescens,narrow-ranged,NT
sp5515,Mananthes amblyosepala,narrow-ranged,LC
sp5516,Mananthes kampotiana,narrow-ranged,LC
sp5518,Mananthes panduriformis,narrow-ranged,LC
sp5523,Manglietia calcarea,narrow-ranged,VU
sp5525,Manglietia chevalieri,narrow-ranged,DD
sp5527,Manglietia crassipes,narrow-ranged,CR
sp5533,Manglietia garrettii,narrow-ranged,DD
sp5534,Manglietia grandis,narrow-ranged,VU
sp5535,Manglietia hongheensis,narrow-ranged,VU
sp5539,Manglietia oblonga,narrow-ranged,DD
sp5540,Manglietia obovalifolia,narrow-ranged,EN
sp5541,Manglietia ovoidea,narrow-ranged,EN
sp5543,Manglietia patungensis,narrow-ranged,VU
sp5544,Manglietia rufibarbata,narrow-ranged,EN
sp5545,Manglietia sinoconifera,narrow-ranged,LC
sp5547,Manglietia ventii,narrow-ranged,EN
sp5548,Manglietia zhengyiana,narrow-ranged,EN
sp5559,Mastixia pentandra ssp. cambodiana,narrow-ranged,LC
sp5570,Medinilla hayatana,narrow-ranged,CR
sp5571,Medinilla himalayana,narrow-ranged,LC
sp5577,Meiogyne kwangtungensis,narrow-ranged,CR
sp5584,Melastoma sanguineum var. latisepalum,narrow-ranged,NT
sp5585,Melhania hamiltoniana,narrow-ranged,EN
sp5590,Melicope triphylla,narrow-ranged,LC
sp5600,Meliosma fordii var. sinii,narrow-ranged,LC
sp5622,Melocalamus arrectus,narrow-ranged,LC
sp5623,Melocalamus compactiflorus,narrow-ranged,LC
sp5625,Melodinus angustifolius,narrow-ranged,DD
sp5627,Melodinus chinensis,narrow-ranged,LC
sp5637,Memecylon lanceolatum,narrow-ranged,VU
sp5647,Meyna hainanensis,narrow-ranged,VU
sp5648,Michelia angustioblonga,narrow-ranged,CR
sp5654,Michelia champaca var. pubinervia,narrow-ranged,VU
sp5660,Michelia flaviflora,narrow-ranged,VU
sp5666,Michelia guangxiensis,narrow-ranged,EN
sp5667,Michelia iteophylla,narrow-ranged,EN
sp5694,Microtropis japonica,narrow-ranged,LC
sp5697,Microtropis obscurinervia,narrow-ranged,LC
sp5701,Microtropis semipaniculata,narrow-ranged,VU
sp5711,Millettia entadoides,narrow-ranged,LC
sp5712,Millettia erythrocalyx,narrow-ranged,LC
sp5714,Millettia macrostachya,narrow-ranged,LC
sp5722,Millettia tetraptera,narrow-ranged,EN
sp5726,Mischocarpus hainanensis,narrow-ranged,VU
sp5735,Morinda brevipes var. stenophylla,narrow-ranged,DD
sp5736,Morinda callicarpaefolia,narrow-ranged,LC
sp5737,Morinda cinnamomifoliata,narrow-ranged,LC
sp5739,Morinda citrina,narrow-ranged,LC
sp5741,Morinda hainanensis,narrow-ranged,LC
sp5742,Morinda leiantha,narrow-ranged,DD
sp5743,Morinda longissima,narrow-ranged,EN
sp5744,Morinda nanlingensis,narrow-ranged,LC
sp5746,Morinda officinalis var. hirsute,narrow-ranged,VU
sp5748,Morinda rugulosa,narrow-ranged,LC
sp5750,Morinda undulata,narrow-ranged,VU
sp5752,Moringa oleifera,narrow-ranged,LC
sp5756,Morus cathayana var. gongshanensis,narrow-ranged,LC
sp5757,Morus liboensis,narrow-ranged,DD
sp5761,Morus serrata,narrow-ranged,LC
sp5767,Mucuna championii,narrow-ranged,LC
sp5778,Murraya crenulata,narrow-ranged,LC
sp5784,Murraya tetramera,narrow-ranged,LC
sp5785,Mussaenda antiloga,narrow-ranged,LC
sp5787,Mussaenda chingii,narrow-ranged,LC
sp5789,Mussaenda densiflora,narrow-ranged,LC
sp5800,Mussaenda inflata,narrow-ranged,LC
sp5804,Mussaenda lotungensis,narrow-ranged,CR
sp5815,Mycetia brevipes,narrow-ranged,LC
sp5819,Mycetia hainanensis,narrow-ranged,LC
sp5839,Myrioneuron effusum,narrow-ranged,LC
sp5859,Natsiatopsis thunbergiifolia,narrow-ranged,VU
sp5860,Natsiatum herpeticum,narrow-ranged,LC
sp5865,Neillia breviracemosa,narrow-ranged,LC
sp5866,Neillia fugongensis,narrow-ranged,LC
sp5883,Neohymenopogon oligocarpus,narrow-ranged,VU
sp5886,Neolitsea aciculata,narrow-ranged,LC
sp5898,Neolitsea chrysotricha,narrow-ranged,LC
sp5901,Neolitsea daibuensis,narrow-ranged,LC
sp5904,Neolitsea hiiranensis,narrow-ranged,LC
sp5912,Neolitsea longipedicellata,narrow-ranged,LC
sp5914,Neolitsea menglaensis,narrow-ranged,VU
sp5915,Neolitsea oblongifolia,narrow-ranged,NT
sp5916,Neolitsea obtusifolia,narrow-ranged,VU
sp5921,Neolitsea pingbienensis,narrow-ranged,NT
sp5925,Neolitsea purpurascens,narrow-ranged,NT
sp5926,Neolitsea sericea,narrow-ranged,EN
sp5929,Neolitsea tomentosa,narrow-ranged,EN
sp5933,Neolitsea villosa,narrow-ranged,LC
sp5940,Neonauclea tsaiana,narrow-ranged,EN
sp5952,Nothaphoebe konishii,narrow-ranged,LC
sp5956,Nothapodytes obtusifolia,narrow-ranged,EN
sp5961,Nyctocalos pinnatum,narrow-ranged,VU
sp5978,Olea laxiflora,narrow-ranged,LC
sp5979,Olea neriifolia,narrow-ranged,LC
sp5981,Olea parvilimba,narrow-ranged,LC
sp5984,Olea tetragonoclada,narrow-ranged,LC
sp5986,Oligostachyum glabrescens,narrow-ranged,DD
sp5987,Oligostachyum gracilipes,narrow-ranged,DD
sp5988,Oligostachyum hupehense,narrow-ranged,DD
sp5989,Oligostachyum lubricum,narrow-ranged,LC
sp5992,Oligostachyum paniculatum,narrow-ranged,DD
sp5993,Oligostachyum puberulum,narrow-ranged,DD
sp5998,Ophiorrhiza lignosa,narrow-ranged,DD
sp5999,Opilia amentacea,narrow-ranged,NT
sp6000,Oplopanax elatus,narrow-ranged,VU
sp6002,Oreocnide frutescens ssp. insignis,narrow-ranged,LC
sp6003,Oreocnide frutescens ssp. occidentalis,narrow-ranged,LC
sp6007,Oreocnide obovata var. paradoxa,narrow-ranged,LC
sp6013,Ormosia apiculata,narrow-ranged,DD
sp6017,Ormosia eugeniifolia,narrow-ranged,CR
sp6018,Ormosia ferruginea,narrow-ranged,DD
sp6020,Ormosia formosana,narrow-ranged,EN
sp6030,Ormosia microphylla var. tomentosa,narrow-ranged,LC
sp6032,Ormosia napoensis,narrow-ranged,DD
sp6040,Ormosia purpureiflora,narrow-ranged,EN
sp6050,Orophea yunnanensis,narrow-ranged,DD
sp6054,Osbeckia nepalensis var. albiflora,narrow-ranged,LC
sp6061,Osmanthus enervius,narrow-ranged,LC
sp6067,Osmanthus lanceolatus,narrow-ranged,VU
sp6072,Osmanthus pubipedicellatus,narrow-ranged,CR
sp6076,Osmanthus urceolatus,narrow-ranged,LC
sp6079,Osmoxylon pectinatum,narrow-ranged,EN
sp6088,Ostrya trichocarpa,narrow-ranged,LC
sp6089,Ostrya yunnanensis,narrow-ranged,CR
sp6099,Oxytropis densiflora var. multiramosa,narrow-ranged,LC
sp6108,Pachylarnax sinica,narrow-ranged,CR
sp6139,Pandanus fibrosus,narrow-ranged,LC
sp6147,Parakmeria kachirachirai,narrow-ranged,LC
sp6168,Passiflora eberhardtii,narrow-ranged,EN
sp6181,Pavieasia kwangsiensis,narrow-ranged,CR
sp6190,Pentapanax glabrifoliolatus,narrow-ranged,DD
sp6193,Pentapanax longipes,narrow-ranged,LC
sp6195,Pentapanax parasiticus var. khasianus,narrow-ranged,LC
sp6197,Pentapanax subcordatus,narrow-ranged,LC
sp6199,Pentapanax tomentellus var. distinctus,narrow-ranged,LC
sp6206,Perilepta ferruginea,narrow-ranged,LC
sp6207,Perilepta longzhouensis,narrow-ranged,LC
sp6216,Pertya angustifolia,narrow-ranged,LC
sp6218,Pertya bodinieri,narrow-ranged,DD
sp6224,Pertya pungens,narrow-ranged,DD
sp6225,Pertya shimozawai,narrow-ranged,LC
sp6227,Pertya tsoongiana,narrow-ranged,VU
sp6242,Philadelphus lushuiensis,narrow-ranged,LC
sp6246,Philadelphus reevesianus,narrow-ranged,DD
sp6250,Philadelphus subcanus var. dubius,narrow-ranged,LC
sp6253,Philadelphus tetragonus,narrow-ranged,LC
sp6261,Phoebe brachythyrsa,narrow-ranged,CR
sp6270,Phoebe hainanensis,narrow-ranged,CR
sp6273,Phoebe hungmoensis,narrow-ranged,VU
sp6279,Phoebe microphylla,narrow-ranged,EN
sp6284,Phoebe neurantha var. cavaleriei,narrow-ranged,NT
sp6292,Phoebe yaiensis,narrow-ranged,EN
sp6297,Photinia anlungensis,narrow-ranged,LC
sp6301,Photinia beckii,narrow-ranged,EN
sp6305,Photinia bergerae,narrow-ranged,LC
sp6306,Photinia blinii,narrow-ranged,LC
sp6311,Photinia chingiana,narrow-ranged,LC
sp6317,Photinia hirsuta var. lobulata,narrow-ranged,NT
sp6328,Photinia parvifolia var. subparvifolia,narrow-ranged,NT
sp6339,Photinia tushanensis,narrow-ranged,NT
sp6345,Phyllagathis fengii,narrow-ranged,LC
sp6348,Phyllagathis longearistata,narrow-ranged,LC
sp6349,Phyllagathis longiradiosa var. pulchella,narrow-ranged,LC
sp6352,Phyllagathis ovalifolia,narrow-ranged,LC
sp6353,Phyllagathis plagiopetala,narrow-ranged,LC
sp6354,Phyllagathis stenophylla,narrow-ranged,NT
sp6355,Phyllagathis ternata,narrow-ranged,LC
sp6356,Phyllagathis velutina,narrow-ranged,LC
sp6359,Phyllanthodendron caudatifolium,narrow-ranged,LC
sp6362,Phyllanthodendron moi,narrow-ranged,LC
sp6363,Phyllanthodendron orbicularifolium,narrow-ranged,LC
sp6364,Phyllanthodendron petraeum,narrow-ranged,LC
sp6365,Phyllanthodendron roseum,narrow-ranged,LC
sp6366,Phyllanthus bodinieri,narrow-ranged,LC
sp6371,Phyllanthus fangchengensis,narrow-ranged,LC
sp6372,Phyllanthus fimbricalyx,narrow-ranged,LC
sp6377,Phyllanthus gracilipes,narrow-ranged,LC
sp6381,Phyllanthus pachyphyllus,narrow-ranged,LC
sp6401,Phyllostachys parvifolia,narrow-ranged,VU
sp6408,Phyllostachys sulphurea var. viridis,narrow-ranged,LC
sp6409,Phyllostachys tianmuensis,narrow-ranged,DD
sp6410,Phyllostachys varioauriculata,narrow-ranged,LC
sp6411,Phyllostachys virella,narrow-ranged,DD
sp6419,Picea farreri,narrow-ranged,DD
sp6433,Picea smithiana,narrow-ranged,EN
sp6443,Pinanga chinensis,narrow-ranged,DD
sp6448,Pinanga tashiroi,narrow-ranged,CR
sp6451,Pinus armandii var. mastersiana,narrow-ranged,VU
sp6462,Pinus kwangtungensis var. varifolia,narrow-ranged,DD
sp6465,Pinus massoniana var. hainanensis,narrow-ranged,VU
sp6466,Pinus massoniana var. shaxianensis,narrow-ranged,DD
sp6471,Pinus squamata,narrow-ranged,CR
sp6488,Piper lingshuiense,narrow-ranged,DD
sp6497,Pipturus arborescens,narrow-ranged,LC
sp6500,Pisonia umbellifera,narrow-ranged,LC
sp6518,Pittosporum heterophyllum var. ledoides,narrow-ranged,LC
sp6520,Pittosporum johnstonianum var. glomerulatum,narrow-ranged,DD
sp6524,Pittosporum kweichowense,narrow-ranged,LC
sp6526,Pittosporum kweichowense var. podocarpifolium,narrow-ranged,DD
sp6540,Pittosporum perryanum var. linearifolium,narrow-ranged,DD
sp6541,Pittosporum planilobum,narrow-ranged,LC
sp6543,Pittosporum podocarpum var. hejiangense,narrow-ranged,DD
sp6544,Pittosporum podocarpum var. molle,narrow-ranged,LC
sp6548,Pittosporum rehderianum var. ternstroemioides,narrow-ranged,LC
sp6550,Pittosporum tobira var. calvescens,narrow-ranged,DD
sp6558,Plagiopteron suaveolens,narrow-ranged,CR
sp6560,Planchonella obovata,narrow-ranged,LC
sp6565,Plectocomia himalayana,narrow-ranged,LC
sp6572,Pleioblastus incarnatus,narrow-ranged,LC
sp6576,Pleioblastus maculosoides,narrow-ranged,LC
sp6578,Pleioblastus rugatus,narrow-ranged,LC
sp6579,Pleioblastus sanmingensis,narrow-ranged,LC
sp6581,Pleioblastus truncatus,narrow-ranged,DD
sp6582,Pleioblastus wuyishanensis,narrow-ranged,NT
sp6588,Podocarpus costalis,narrow-ranged,CR
sp6589,Podocarpus forrestii,narrow-ranged,CR
sp6591,Podocarpus macrophyllus var. angustifolius,narrow-ranged,VU
sp6593,Podocarpus nakaii,narrow-ranged,EN
sp6597,Poikilospermum naucleiflorum,narrow-ranged,LC
sp6600,Polyalthia florulenta,narrow-ranged,VU
sp6601,Polyalthia laui,narrow-ranged,LC
sp6610,Polygala arcuata,narrow-ranged,EN
sp6614,Polygala didyma,narrow-ranged,LC
sp6618,Polygala hainanensis,narrow-ranged,LC
sp6622,Polygala oligosperma,narrow-ranged,VU
sp6623,Polygala resinosa,narrow-ranged,LC
sp6632,Polygonum paronychioides,narrow-ranged,LC
sp6657,Populus charbinensis var. pachydermis,narrow-ranged,LC
sp6659,Populus ciliata var. aurea,narrow-ranged,LC
sp6660,Populus ciliata var. gyirongensis,narrow-ranged,LC
sp6661,Populus ciliata var. weixi,narrow-ranged,LC
sp6680,Populus lasiocarpa var. longiamenta,narrow-ranged,LC
sp6685,Populus minhoensis,narrow-ranged,LC
sp6687,Populus ningshanica,narrow-ranged,LC
sp6696,Populus pseudosimonii var. patula,narrow-ranged,NT
sp6700,Populus qiongdaoensis,narrow-ranged,LC
sp6702,Populus rotundifolia var. bonatii,narrow-ranged,LC
sp6715,Populus tomentosa var. truncata,narrow-ranged,LC
sp6718,Populus trinervis var. shimianica,narrow-ranged,LC
sp6728,Poranopsis paniculata,narrow-ranged,LC
sp6737,Potentilla glabra var. longipetala,narrow-ranged,LC
sp6742,Pothoidium lobbianum,narrow-ranged,LC
sp6746,Pouteria grandifolia,narrow-ranged,EN
sp6752,Premna bracteata,narrow-ranged,LC
sp6761,Premna fordii var. glabra,narrow-ranged,LC
sp6768,Premna laevigata,narrow-ranged,CR
sp6769,Premna latifolia var. cuneata,narrow-ranged,VU
sp6773,Premna octonervia,narrow-ranged,LC
sp6774,Premna odorata,narrow-ranged,LC
sp6776,Premna paisehensis,narrow-ranged,CR
sp6780,Premna puerensis,narrow-ranged,LC
sp6781,Premna punicea,narrow-ranged,VU
sp6782,Premna pyramidata,narrow-ranged,LC
sp6784,Premna rubroglandulosa,narrow-ranged,DD
sp6790,Premna subscandens,narrow-ranged,VU
sp6794,Premna velutina,narrow-ranged,NT
sp6808,Prunus salicina var. pubipes,narrow-ranged,LC
sp6813,Pseudosasa acutivagina,narrow-ranged,LC
sp6816,Pseudosasa gracilis,narrow-ranged,LC
sp6819,Pseudosasa longiligula,narrow-ranged,NT
sp6821,Pseudosasa orthotropa,narrow-ranged,LC
sp6825,Pseudosasa yuelushanensis,narrow-ranged,LC
sp6831,Pseudotsuga sinensis var. wilsoniana,narrow-ranged,EN
sp6836,Psychotria cephalophora,narrow-ranged,LC
sp6837,Psychotria densa,narrow-ranged,LC
sp6842,Psychotria manillensis,narrow-ranged,LC
sp6865,Pterospermum niveum,narrow-ranged,CR
sp6892,Pyrenacantha volubilis,narrow-ranged,EN
sp6897,Pyrenaria kwangsiensis,narrow-ranged,LC
sp6898,Pyrenaria menglaensis,narrow-ranged,CR
sp6901,Pyrenaria oblongicarpa,narrow-ranged,CR
sp6906,Pyrenaria wuana,narrow-ranged,DD
sp6915,Pyrus pashia var. kumaoni,narrow-ranged,LC
sp6916,Pyrus pashia var. obtusata,narrow-ranged,LC
sp6964,Raphistemma hooperianum,narrow-ranged,LC
sp6967,Rauvolfia tiaolushanensis,narrow-ranged,VU
sp6972,Reevesia botingensis,narrow-ranged,EN
sp6975,Reevesia lancifolia,narrow-ranged,CR
sp6976,Reevesia lofouensis,narrow-ranged,CR
sp6978,Reevesia orbicularifolia,narrow-ranged,LC
sp6981,Reevesia pubescens var. xuefengensis,narrow-ranged,CR
sp6983,Reevesia rotundifolia,narrow-ranged,EN
sp6987,Rehderodendron gongshanense,narrow-ranged,DD
sp6993,Reinwardtiodendron humile,narrow-ranged,LC
sp6994,Rhamnella caudata,narrow-ranged,NT
sp7001,Rhamnoneuron balansae,narrow-ranged,LC
sp7009,Rhamnus coriophylla var. acutidens,narrow-ranged,LC
sp7025,Rhamnus hupehensis,narrow-ranged,NT
sp7030,Rhamnus liukiuensis,narrow-ranged,LC
sp7041,Rhamnus rugulosa var. chekiangensis,narrow-ranged,LC
sp7048,Rhamnus tzekweiensis,narrow-ranged,LC
sp7057,Rhamnus wumingensis,narrow-ranged,LC
sp7067,Rhapis robusta,narrow-ranged,LC
sp7069,Rhodamnia dumetorum var. hainanensis,narrow-ranged,LC
sp7071,Rhododendron adenanthum,narrow-ranged,DD
sp7083,Rhododendron amandum,narrow-ranged,DD
sp7087,Rhododendron annae ssp. laxiflorum,narrow-ranged,LC
sp7104,Rhododendron atrovirens,narrow-ranged,NT
sp7112,Rhododendron balangense,narrow-ranged,CR
sp7116,Rhododendron barkamense,narrow-ranged,DD
sp7120,Rhododendron bijiangense,narrow-ranged,DD
sp7125,Rhododendron brachypodum,narrow-ranged,CR
sp7129,Rhododendron breviperulatum,narrow-ranged,LC
sp7130,Rhododendron brevipetiolatum,narrow-ranged,DD
sp7134,Rhododendron callimorphum var. myiagrum,narrow-ranged,LC
sp7141,Rhododendron camelliiflorum,narrow-ranged,LC
sp7155,Rhododendron changii,narrow-ranged,VU
sp7160,Rhododendron chrysocalyx var. xiushanense,narrow-ranged,DD
sp7162,Rhododendron chunii,narrow-ranged,DD
sp7165,Rhododendron ciliicalyx ssp. lyi,narrow-ranged,LC
sp7168,Rhododendron circinnatum,narrow-ranged,DD
sp7172,Rhododendron clementinae ssp. aureodorsale,narrow-ranged,LC
sp7173,Rhododendron codonanthum,narrow-ranged,LC
sp7174,Rhododendron coelicum,narrow-ranged,NT
sp7181,Rhododendron crassistylum,narrow-ranged,DD
sp7182,Rhododendron cretaceum,narrow-ranged,DD
sp7184,Rhododendron crinigerum var. euadenium,narrow-ranged,LC
sp7186,Rhododendron cyanocarpum,narrow-ranged,VU
sp7189,Rhododendron danbaense,narrow-ranged,DD
sp7191,Rhododendron dasypetalum,narrow-ranged,DD
sp7196,Rhododendron declivatum,narrow-ranged,DD
sp7199,Rhododendron decorum ssp. parvistigmatis,narrow-ranged,LC
sp7200,Rhododendron dekatanum,narrow-ranged,LC
sp7203,Rhododendron delavayi var. pilostylum,narrow-ranged,LC
sp7206,Rhododendron densifolium,narrow-ranged,DD
sp7213,Rhododendron dignabile,narrow-ranged,NT
sp7215,Rhododendron ebianense,narrow-ranged,DD
sp7221,Rhododendron erastum,narrow-ranged,LC
sp7224,Rhododendron euchroum,narrow-ranged,NT
sp7232,Rhododendron faberi ssp. prattii,narrow-ranged,LC
sp7235,Rhododendron fangchengense,narrow-ranged,VU
sp7242,Rhododendron flavoflorum,narrow-ranged,DD
sp7247,Rhododendron flumineum,narrow-ranged,DD
sp7253,Rhododendron fuchsiifolium,narrow-ranged,LC
sp7256,Rhododendron fuscipilum,narrow-ranged,LC
sp7261,Rhododendron glanduliferum,narrow-ranged,DD
sp7264,Rhododendron gologense,narrow-ranged,DD
sp7265,Rhododendron gongshanense,narrow-ranged,LC
sp7267,Rhododendron griersonianum,narrow-ranged,CR
sp7270,Rhododendron guizhongense,narrow-ranged,DD
sp7271,Rhododendron guizhouense,narrow-ranged,DD
sp7282,Rhododendron henanense,narrow-ranged,LC
sp7287,Rhododendron hirsutipetiolatum,narrow-ranged,DD
sp7290,Rhododendron hoi,narrow-ranged,LC
sp7292,Rhododendron hookeri,narrow-ranged,LC
sp7294,Rhododendron huguangense,narrow-ranged,LC
sp7295,Rhododendron huidongense,narrow-ranged,VU
sp7301,Rhododendron hyperythrum,narrow-ranged,LC
sp7302,Rhododendron hypoblematosum,narrow-ranged,DD
sp7304,Rhododendron igneum,narrow-ranged,DD
sp7308,Rhododendron invictum,narrow-ranged,VU
sp7311,Rhododendron jasminoides,narrow-ranged,DD
sp7312,Rhododendron jingangshanicum,narrow-ranged,EN
sp7313,Rhododendron jinpingense,narrow-ranged,DD
sp7314,Rhododendron jinxiuense,narrow-ranged,LC
sp7315,Rhododendron joniense,narrow-ranged,DD
sp7331,Rhododendron laojunshanense,narrow-ranged,DD
sp7332,Rhododendron lapponicum,narrow-ranged,LC
sp7334,Rhododendron lateriflorum,narrow-ranged,DD
sp7337,Rhododendron leiboense,narrow-ranged,DD
sp7338,Rhododendron leishanicum,narrow-ranged,DD
sp7339,Rhododendron lepidostylum,narrow-ranged,DD
sp7342,Rhododendron leptocladon,narrow-ranged,DD
sp7349,Rhododendron linearilobum,narrow-ranged,DD
sp7350,Rhododendron litchiifolium,narrow-ranged,DD
sp7353,Rhododendron longifalcatum,narrow-ranged,LC
sp7355,Rhododendron longipes var. chienianum,narrow-ranged,VU
sp7357,Rhododendron loniceriflorum,narrow-ranged,LC
sp7359,Rhododendron luhuoense,narrow-ranged,DD
sp7362,Rhododendron lungchiense,narrow-ranged,DD
sp7368,Rhododendron mallotum,narrow-ranged,EN
sp7374,Rhododendron meddianum var. atrokermesinum,narrow-ranged,LC
sp7383,Rhododendron mengtszense,narrow-ranged,NT
sp7385,Rhododendron meridionale var. minus,narrow-ranged,DD
sp7386,Rhododendron meridionale var. setistylum,narrow-ranged,DD
sp7387,Rhododendron mianningense,narrow-ranged,LC
sp7391,Rhododendron microphyton var. trichanthum,narrow-ranged,DD
sp7393,Rhododendron miniatum,narrow-ranged,LC
sp7398,Rhododendron miyiense,narrow-ranged,DD
sp7399,Rhododendron molle,narrow-ranged,LC
sp7403,Rhododendron morii,narrow-ranged,DD
sp7407,Rhododendron myrsinifolium,narrow-ranged,LC
sp7411,Rhododendron nanjianense,narrow-ranged,LC
sp7414,Rhododendron neriiflorum var. agetum,narrow-ranged,DD
sp7423,Rhododendron nymphaeoides,narrow-ranged,EN
sp7426,Rhododendron oldhamii,narrow-ranged,LC
sp7427,Rhododendron oligocarpum,narrow-ranged,LC
sp7434,Rhododendron orthocladum var. longistylum,narrow-ranged,NT
sp7436,Rhododendron pachyphyllum,narrow-ranged,LC
sp7459,Rhododendron potaninii,narrow-ranged,DD
sp7461,Rhododendron praeteritum,narrow-ranged,NT
sp7463,Rhododendron preptum,narrow-ranged,LC
sp7467,Rhododendron pronum,narrow-ranged,VU
sp7473,Rhododendron pseudochrysanthum,narrow-ranged,LC
sp7476,Rhododendron pubicostatum,narrow-ranged,VU
sp7485,Rhododendron ramsdenianum,narrow-ranged,LC
sp7488,Rhododendron rex ssp. gratum,narrow-ranged,LC
sp7489,Rhododendron rhodanthum,narrow-ranged,DD
sp7490,Rhododendron rhombifolium,narrow-ranged,DD
sp7494,Rhododendron roseatum,narrow-ranged,NT
sp7495,Rhododendron rothschildii,narrow-ranged,VU
sp7526,Rhododendron serotinum,narrow-ranged,DD
sp7530,Rhododendron shimianense,narrow-ranged,DD
sp7531,Rhododendron shweliense,narrow-ranged,LC
sp7536,Rhododendron simiarum var. versicolor,narrow-ranged,DD
sp7542,Rhododendron spadiceum,narrow-ranged,DD
sp7543,Rhododendron spanotrichum,narrow-ranged,DD
sp7544,Rhododendron sparsifolium,narrow-ranged,DD
sp7546,Rhododendron sperabile var. weihsiense,narrow-ranged,LC
sp7552,Rhododendron stamineum var. lasiocarpum,narrow-ranged,DD
sp7556,Rhododendron subcerinum,narrow-ranged,DD
sp7561,Rhododendron taipaoense,narrow-ranged,LC
sp7565,Rhododendron taronense,narrow-ranged,VU
sp7566,Rhododendron tashiroi,narrow-ranged,LC
sp7573,Rhododendron tenue,narrow-ranged,DD
sp7575,Rhododendron tenuilaminare,narrow-ranged,NT
sp7577,Rhododendron thayerianum,narrow-ranged,EN
sp7579,Rhododendron thomsonii ssp. lopsangianum,narrow-ranged,LC
sp7581,Rhododendron tianlinense,narrow-ranged,NT
sp7582,Rhododendron tingwuense,narrow-ranged,DD
sp7587,Rhododendron trichogynum,narrow-ranged,DD
sp7590,Rhododendron trilectorum,narrow-ranged,DD
sp7591,Rhododendron tsaii,narrow-ranged,EN
sp7593,Rhododendron tsinlingense,narrow-ranged,DD
sp7596,Rhododendron tutcherae,narrow-ranged,LC
sp7597,Rhododendron unciferum,narrow-ranged,DD
sp7598,Rhododendron uniflorum,narrow-ranged,LC
sp7599,Rhododendron urophyllum,narrow-ranged,VU
sp7604,Rhododendron venator,narrow-ranged,LC
sp7611,Rhododendron viscidum,narrow-ranged,DD
sp7615,Rhododendron wasonii var. wenchuanense,narrow-ranged,DD
sp7624,Rhododendron xiaoxidongense,narrow-ranged,EX
sp7625,Rhododendron xichangense,narrow-ranged,DD
sp7626,Rhododendron xiguense,narrow-ranged,DD
sp7627,Rhododendron yangmingshanense,narrow-ranged,DD
sp7628,Rhododendron yaogangxianense,narrow-ranged,DD
sp7629,Rhododendron yaoshanicum,narrow-ranged,LC
sp7630,Rhododendron yungchangense,narrow-ranged,LC
sp7634,Rhododendron zaleucum var. pubifolium,narrow-ranged,DD
sp7635,Rhododendron zheguense,narrow-ranged,EN
sp7637,Rhododendron ziyuanense,narrow-ranged,VU
sp7651,Rhus teniana,narrow-ranged,LC
sp7666,Ribes davidii var. lobatum,narrow-ranged,NT
sp7668,Ribes fargesii,narrow-ranged,DD
sp7675,Ribes glabrifolium,narrow-ranged,NT
sp7678,Ribes griffithii var. gongshanense,narrow-ranged,LC
sp7680,Ribes heterotrichum,narrow-ranged,LC
sp7683,Ribes himalense var. pubicalycinum,narrow-ranged,NT
sp7686,Ribes horridum,narrow-ranged,LC
sp7697,Ribes longiracemosum var. pilosum,narrow-ranged,LC
sp7705,Ribes moupinense var. muliense,narrow-ranged,LC
sp7720,Ribes tianquanense,narrow-ranged,NT
sp7726,Rinorea erianthera,narrow-ranged,VU
sp7732,Rosa baiyushanensis,narrow-ranged,DD
sp7741,Rosa caudata var. maxima,narrow-ranged,LC
sp7742,Rosa chengkouensis,narrow-ranged,DD
sp7747,Rosa davidii var. elongata,narrow-ranged,DD
sp7749,Rosa davurica var. glabra,narrow-ranged,LC
sp7751,Rosa derongensis,narrow-ranged,DD
sp7753,Rosa fargesiana,narrow-ranged,LC
sp7755,Rosa fedtschenkoana,narrow-ranged,LC
sp7758,Rosa giraldii var. venulosa,narrow-ranged,LC
sp7763,Rosa hezhangensis,narrow-ranged,NT
sp7778,Rosa ludingensis,narrow-ranged,DD
sp7782,Rosa maximowicziana,narrow-ranged,LC
sp7792,Rosa persetosa,narrow-ranged,LC
sp7806,Rosa shangchengensis,narrow-ranged,NT
sp7808,Rosa sinobiflora,narrow-ranged,LC
sp7814,Rosa weisiensis,narrow-ranged,DD
sp7831,Rubus amabilis var. aculeatissimus,narrow-ranged,DD
sp7832,Rubus amabilis var. microcarpus,narrow-ranged,LC
sp7841,Rubus biflorus var. pubescens,narrow-ranged,LC
sp7843,Rubus brevipetiolatus,narrow-ranged,LC
sp7857,Rubus columellaris var. villosus,narrow-ranged,NT
sp7865,Rubus dolichophyllus var. pubescens,narrow-ranged,LC
sp7871,Rubus erythrocarpus var. weixiensis,narrow-ranged,LC
sp7875,Rubus faberi,narrow-ranged,LC
sp7879,Rubus flosculosus var. etomentosus,narrow-ranged,LC
sp7880,Rubus foliaceistipulatus,narrow-ranged,LC
sp7888,Rubus glandulosocarpus,narrow-ranged,NT
sp7889,Rubus gongshanensis,narrow-ranged,LC
sp7890,Rubus gongshanensis var. qiujiangensis,narrow-ranged,LC
sp7891,Rubus grandipaniculatus,narrow-ranged,LC
sp7898,Rubus hemithyrsus,narrow-ranged,LC
sp7901,Rubus howii,narrow-ranged,LC
sp7902,Rubus huangpingensis,narrow-ranged,LC
sp7920,Rubus jinfoshanensis,narrow-ranged,DD
sp7925,Rubus lambertianus var. glandulosus,narrow-ranged,LC
sp7928,Rubus lasiostylus var. dizygos,narrow-ranged,LC
sp7936,Rubus lishuiensis,narrow-ranged,NT
sp7939,Rubus lohfauensis,narrow-ranged,DD
sp7941,Rubus luchunensis,narrow-ranged,DD
sp7942,Rubus luchunensis var. coriaceus,narrow-ranged,LC
sp7947,Rubus malipoensis,narrow-ranged,LC
sp7949,Rubus menglaensis,narrow-ranged,DD
sp7951,Rubus mesogaeus var. glabrescens,narrow-ranged,DD
sp7954,Rubus multisetosus,narrow-ranged,DD
sp7957,Rubus oblongus,narrow-ranged,DD
sp7958,Rubus ourosepalus,narrow-ranged,DD
sp7963,Rubus paniculatus var. glabrescens,narrow-ranged,LC
sp7964,Rubus pararosifolius,narrow-ranged,DD
sp7968,Rubus paucidentatus var. guangxiensis,narrow-ranged,LC
sp7972,Rubus penduliflorus,narrow-ranged,DD
sp7974,Rubus pentagonus var. longisepalus,narrow-ranged,LC
sp7980,Rubus pinnatisepalus var. glandulosus,narrow-ranged,LC
sp7982,Rubus pirifolius var. permollis,narrow-ranged,LC
sp7983,Rubus pirifolius var. tomentosus,narrow-ranged,LC
sp7987,Rubus polyodontus,narrow-ranged,LC
sp7993,Rubus ptilocarpus var. degensis,narrow-ranged,LC
sp7998,Rubus raopingensis,narrow-ranged,LC
sp8002,Rubus reflexus var. macrophyllus,narrow-ranged,LC
sp8015,Rubus spananthus,narrow-ranged,DD
sp8016,Rubus spinulosoides,narrow-ranged,NT
sp8020,Rubus stipulosus,narrow-ranged,LC
sp8028,Rubus taronensis,narrow-ranged,LC
sp8033,Rubus treutleri,narrow-ranged,LC
sp8038,Rubus tsangii var. yanshanensis,narrow-ranged,LC
sp8042,Rubus wawushanensis,narrow-ranged,DD
sp8043,Rubus wilsonii,narrow-ranged,LC
sp8044,Rubus wuzhianus,narrow-ranged,LC
sp8047,Rubus xanthoneurus var. glandulosus,narrow-ranged,LC
sp8048,Rubus yanyunii,narrow-ranged,LC
sp8061,Sabia paniculata,narrow-ranged,CR
sp8067,Sabia transarisanensis,narrow-ranged,LC
sp8080,Sageretia pedicellata,narrow-ranged,NT
sp8088,Salacia amplifolia,narrow-ranged,NT
sp8089,Salacia aurantiaca,narrow-ranged,EN
sp8090,Salacia confertiflora,narrow-ranged,NT
sp8091,Salacia glaucifolia,narrow-ranged,NT
sp8097,Salix alfredii var. fengxianica,narrow-ranged,LC
sp8122,Salix brachista var. integra,narrow-ranged,LC
sp8138,Salix chekiangensis,narrow-ranged,VU
sp8140,Salix chienii var. pubigera,narrow-ranged,LC
sp8141,Salix chikungensis,narrow-ranged,LC
sp8146,Salix contortiapiculata,narrow-ranged,LC
sp8149,Salix cupularis var. acutifolia,narrow-ranged,NT
sp8151,Salix daguanensis,narrow-ranged,LC
sp8162,Salix divaricata var. metaformosa,narrow-ranged,CR
sp8164,Salix doii,narrow-ranged,LC
sp8165,Salix donggouxianica,narrow-ranged,EN
sp8209,Salix jingdongensis,narrow-ranged,LC
sp8216,Salix kangensis var. leiocarpa,narrow-ranged,EN
sp8222,Salix koreensis var. brevistyla,narrow-ranged,LC
sp8225,Salix kungmuensis,narrow-ranged,LC
sp8235,Salix ludingensis,narrow-ranged,LC
sp8251,Salix minjiangensis,narrow-ranged,LC
sp8252,Salix morrisonicola,narrow-ranged,CR
sp8261,Salix neowilsonii,narrow-ranged,EN
sp8263,Salix nipponica var. mengshanensis,narrow-ranged,NT
sp8264,Salix nujiangensis,narrow-ranged,LC
sp8268,Salix okamotoana,narrow-ranged,VU
sp8277,Salix paraheterochroma,narrow-ranged,LC
sp8282,Salix parvidenticulata,narrow-ranged,DD
sp8292,Salix pingliensis,narrow-ranged,VU
sp8330,Salix salwinensis var. longiamentifera,narrow-ranged,LC
sp8337,Salix scopulicola,narrow-ranged,LC
sp8342,Salix shihtsuanensis var. globosa,narrow-ranged,LC
sp8343,Salix shihtsuanensis var. sessilis,narrow-ranged,LC
sp8347,Salix sinica var. subsessilis,narrow-ranged,LC
sp8356,Salix tagawana,narrow-ranged,VU
sp8357,Salix taishanensis,narrow-ranged,LC
sp8358,Salix taishanensis var. glabra,narrow-ranged,NT
sp8365,Salix taoensis var. leiocarpa,narrow-ranged,LC
sp8366,Salix taoensis var. pedicellata,narrow-ranged,NT
sp8368,Salix taraikensis var. oblanceolata,narrow-ranged,LC
sp8372,Salix tengchongensis,narrow-ranged,EN
sp8375,Salix tianschanica,narrow-ranged,NT
sp8387,Salix weixiensis,narrow-ranged,EN
sp8396,Salix yuhuangshanensis,narrow-ranged,EN
sp8400,Salix zhouquensis,narrow-ranged,LC
sp8411,Saprosma henryi,narrow-ranged,EN
sp8419,Sarcococca longifolia,narrow-ranged,EN
sp8425,Sarcosperma griffithii,narrow-ranged,LC
sp8431,Sasa hubeiensis,narrow-ranged,LC
sp8433,Sasa oblongula,narrow-ranged,DD
sp8434,Sasa qingyuanensis,narrow-ranged,LC
sp8437,Sassafras randaiense,narrow-ranged,LC
sp8441,Saurauia erythrocarpa var. grosseserrata,narrow-ranged,LC
sp8459,Sauropus repandus,narrow-ranged,LC
sp8460,Sauropus reticulatus,narrow-ranged,LC
sp8466,Schefflera chapana,narrow-ranged,LC
sp8469,Schefflera elata,narrow-ranged,NT
sp8472,Schefflera hainanensis,narrow-ranged,LC
sp8473,Schefflera heptaphylla,narrow-ranged,LC
sp8477,Schefflera insignis,narrow-ranged,LC
sp8482,Schefflera metcalfiana,narrow-ranged,LC
sp8484,Schefflera multinervia,narrow-ranged,DD
sp8485,Schefflera napuoensis,narrow-ranged,NT
sp8486,Schefflera parvifoliolata,narrow-ranged,LC
sp8488,Schefflera pes-avis,narrow-ranged,DD
sp8489,Schefflera petelotii,narrow-ranged,DD
sp8492,Schefflera taiwaniana,narrow-ranged,LC
sp8497,Schima multibracteata,narrow-ranged,NT
sp8505,Schima villosa,narrow-ranged,VU
sp8530,Schizophragma crassum var. hsitaoanum,narrow-ranged,LC
sp8536,Schizophragma megalocarpum,narrow-ranged,LC
sp8539,Schizostachyum diffusum,narrow-ranged,LC
sp8541,Schizostachyum dumetorum var. xinwuense,narrow-ranged,DD
sp8544,Schizostachyum jaculans,narrow-ranged,DD
sp8550,Scleropyrum wallichianum var. mekongense,narrow-ranged,LC
sp8564,Secamone bonii,narrow-ranged,LC
sp8572,Semecarpus cuneiformis,narrow-ranged,EN
sp8577,Semiarundinaria fastuosa,narrow-ranged,LC
sp8584,Sesbania grandiflora,narrow-ranged,LC
sp8585,Shibataea chiangshanensis,narrow-ranged,NT
sp8587,Shibataea hispida,narrow-ranged,DD
sp8588,Shibataea kumasaca,narrow-ranged,LC
sp8592,Shibataea strigosa,narrow-ranged,LC
sp8594,Shorea robusta,narrow-ranged,NT
sp8609,Sinobambusa dushanensis,narrow-ranged,DD
sp8612,Sinobambusa humilis,narrow-ranged,DD
sp8617,Sinobambusa tootsik var. dentata,narrow-ranged,DD
sp8619,Sinobambusa yixingensis,narrow-ranged,LC
sp8627,Sinosideroxylon pedunculatum var. pubifolium,narrow-ranged,NT
sp8631,Sinowilsonia henryi var. glabrescens,narrow-ranged,VU
sp8637,Sloanea changii,narrow-ranged,NT
sp8654,Smilax bapouensis,narrow-ranged,EN
sp8662,Smilax corbularia var. woodii,narrow-ranged,LC
sp8666,Smilax densibarbata,narrow-ranged,LC
sp8670,Smilax fooningensis,narrow-ranged,LC
sp8671,Smilax gagnepainii,narrow-ranged,LC
sp8675,Smilax guiyangensis,narrow-ranged,LC
sp8679,Smilax jiankunii,narrow-ranged,DD
sp8687,Smilax luei,narrow-ranged,LC
sp8689,Smilax lushuiensis,narrow-ranged,DD
sp8697,Smilax nana,narrow-ranged,EN
sp8698,Smilax nantoensis,narrow-ranged,VU
sp8703,Smilax ovalifolia,narrow-ranged,LC
sp8707,Smilax pottingeri,narrow-ranged,DD
sp8723,Solanum luzoniense,narrow-ranged,LC
sp8743,Sophora tonkinensis var. purpurescens,narrow-ranged,LC
sp8745,Sophora velutina var. cavaleriei,narrow-ranged,NT
sp8746,Sophora velutina var. dolichopoda,narrow-ranged,LC
sp8747,Sophora velutina var. scandens,narrow-ranged,NT
sp8748,Sophora yunnanensis,narrow-ranged,LC
sp8762,Sorbus caloneura var. kwangtungensis,narrow-ranged,NT
sp8766,Sorbus cuspidata,narrow-ranged,LC
sp8778,Sorbus guanxianensis,narrow-ranged,DD
sp8780,Sorbus helenae var. argutiserrata,narrow-ranged,LC
sp8786,Sorbus kiukiangensis var. glabrescens,narrow-ranged,LC
sp8792,Sorbus monbeigii,narrow-ranged,LC
sp8794,Sorbus obsoletidentata,narrow-ranged,VU
sp8803,Sorbus pteridophylla var. tephroclada,narrow-ranged,LC
sp8805,Sorbus reducta var. pubescens,narrow-ranged,LC
sp8812,Sorbus salwinensis,narrow-ranged,VU
sp8821,Sorbus tsinlingensis,narrow-ranged,VU
sp8824,Sorbus yunnanensis,narrow-ranged,LC
sp8827,Spatholobus biauritus,narrow-ranged,NT
sp8828,Spatholobus discolor,narrow-ranged,DD
sp8829,Spatholobus gengmaensis,narrow-ranged,LC
sp8834,Spatholobus uniauritus,narrow-ranged,LC
sp8855,Spiraea chinensis var. grandiflora,narrow-ranged,LC
sp8858,Spiraea daochengensis,narrow-ranged,NT
sp8866,Spiraea henryi var. omeiensis,narrow-ranged,LC
sp8887,Spiraea martini var. tomentosa,narrow-ranged,NT
sp8890,Spiraea miyabei var. tenuifolia,narrow-ranged,LC
sp8894,Spiraea mongolica var. tomentulosa,narrow-ranged,LC
sp8898,Spiraea nishimurae,narrow-ranged,LC
sp8915,Spiraea teniana,narrow-ranged,LC
sp8926,Spondias haplophylla,narrow-ranged,CR
sp8929,Sporoxeia clavicalcarata,narrow-ranged,LC
sp8963,Stephania merrillii,narrow-ranged,VU
sp8967,Sterculia gengmaensis,narrow-ranged,LC
sp8969,Sterculia henryi,narrow-ranged,LC
sp8970,Sterculia henryi var. cuneata,narrow-ranged,LC
sp8971,Sterculia hymenocalyx,narrow-ranged,DD
sp8972,Sterculia impressinervis,narrow-ranged,EN
sp8973,Sterculia kingtungensis,narrow-ranged,EN
sp8976,Sterculia micrantha,narrow-ranged,EN
sp8977,Sterculia pinbienensis,narrow-ranged,NT
sp8978,Sterculia principis,narrow-ranged,LC
sp8979,Sterculia scandens,narrow-ranged,DD
sp8980,Sterculia subracemosa,narrow-ranged,VU
sp8981,Sterculia tonkinensis,narrow-ranged,EN
sp8988,Stewartia laotica,narrow-ranged,LC
sp8990,Stewartia micrantha,narrow-ranged,NT
sp8995,Stewartia sichuanensis,narrow-ranged,LC
sp8997,Stewartia sinensis var. acutisepala,narrow-ranged,LC
sp8998,Stewartia sinensis var. brevicalyx,narrow-ranged,NT
sp9003,Stixis scandens,narrow-ranged,LC
sp9011,Stranvaesia tomentosa,narrow-ranged,LC
sp9015,Streblus macrophyllus,narrow-ranged,LC
sp9024,Strychnos axillaris,narrow-ranged,DD
sp9031,Styrax bashanensis,narrow-ranged,NT
sp9039,Styrax faberi var. amplexifolius,narrow-ranged,CR
sp9041,Styrax formosanus var. hirtus,narrow-ranged,LC
sp9043,Styrax hainanensis,narrow-ranged,LC
sp9045,Styrax huanus,narrow-ranged,CR
sp9060,Styrax wilsonii,narrow-ranged,VU
sp9065,Suregada aequorea,narrow-ranged,LC
sp9091,Symplocos hookeri var. tomentosa,narrow-ranged,NT
sp9095,Symplocos nokoensis,narrow-ranged,VU
sp9098,Symplocos paucinervia,narrow-ranged,EN
sp9107,Symplocos spectabilis,narrow-ranged,DD
sp9116,Syndiclis anlungensis,narrow-ranged,CR
sp9118,Syndiclis fooningensis,narrow-ranged,CR
sp9119,Syndiclis furfuracea,narrow-ranged,CR
sp9121,Syndiclis lotungensis,narrow-ranged,CR
sp9122,Syndiclis pingbienensis,narrow-ranged,VU
sp9124,Syringa komarowii ssp. reflexa,narrow-ranged,LC
sp9147,Syzygium brachythyrsum,narrow-ranged,EN
sp9152,Syzygium cinereum,narrow-ranged,LC
sp9157,Syzygium densinervium var. insulare,narrow-ranged,LC
sp9159,Syzygium euphlebium,narrow-ranged,LC
sp9165,Syzygium gongshanense,narrow-ranged,LC
sp9167,Syzygium guangxiense,narrow-ranged,LC
sp9172,Syzygium infrarubiginosum,narrow-ranged,LC
sp9174,Syzygium jambos var. tripinnatum,narrow-ranged,LC
sp9175,Syzygium jienfunicum,narrow-ranged,CR
sp9176,Syzygium kusukusense,narrow-ranged,EN
sp9180,Syzygium lineatum,narrow-ranged,LC
sp9183,Syzygium myrsinifolium var. grandiflorum,narrow-ranged,DD
sp9187,Syzygium paucivenium,narrow-ranged,LC
sp9193,Syzygium saxatile,narrow-ranged,NT
sp9195,Syzygium simile,narrow-ranged,LC
sp9199,Syzygium taiwanicum,narrow-ranged,LC
sp9203,Syzygium toddalioides,narrow-ranged,LC
sp9205,Syzygium vestitum,narrow-ranged,DD
sp9206,Syzygium wenshanense,narrow-ranged,NT
sp9238,Tarenna austrosinensis,narrow-ranged,LC
sp9243,Tarenna laticorymbosa,narrow-ranged,LC
sp9245,Tarenna polysperma,narrow-ranged,LC
sp9247,Tarenna sinica,narrow-ranged,LC
sp9249,Tarenna tsangii f. elliptica,narrow-ranged,LC
sp9251,Tarenna yunnanensis,narrow-ranged,LC
sp9252,Tarenna zeylanica,narrow-ranged,LC
sp9263,Taxillus pseudochinensis,narrow-ranged,LC
sp9266,Taxillus theifer,narrow-ranged,LC
sp9280,Terminalia myriocarpa var. hirsuta,narrow-ranged,NT
sp9287,Ternstroemia hainanensis,narrow-ranged,EN
sp9296,Ternstroemia yunnanensis,narrow-ranged,EN
sp9307,Tetrameles nudiflora,narrow-ranged,VU
sp9318,Tetrastigma godefroyanum,narrow-ranged,LC
sp9322,Tetrastigma jinghongense,narrow-ranged,LC
sp9323,Tetrastigma jinxiuense,narrow-ranged,EN
sp9324,Tetrastigma kwangsiense,narrow-ranged,LC
sp9325,Tetrastigma lanyuense,narrow-ranged,CR
sp9327,Tetrastigma longipedunculatum,narrow-ranged,LC
sp9337,Tetrastigma subtetragonum,narrow-ranged,EN
sp9338,Tetrastigma tonkinense,narrow-ranged,LC
sp9339,Tetrastigma tsaianum,narrow-ranged,LC
sp9340,Tetrastigma venulosum,narrow-ranged,VU
sp9342,Tetrastigma yiwuense,narrow-ranged,CR
sp9345,Thottea hainanensis,narrow-ranged,VU
sp9347,Thuja sutchuenensis,narrow-ranged,EN
sp9359,Tilia jiaodongensis,narrow-ranged,NT
sp9377,Tilia tuan var. chenmoui,narrow-ranged,VU
sp9379,Timonius arboreus,narrow-ranged,CR
sp9382,Tinospora hainanensis,narrow-ranged,LC
sp9388,Toona fargesii,narrow-ranged,VU
sp9390,Toona sureni,narrow-ranged,LC
sp9396,Torreya grandis var. jiulongshanensis,narrow-ranged,CR
sp9404,Toxicodendron delavayi var. angustifolium,narrow-ranged,LC
sp9413,Toxicodendron rostratum,narrow-ranged,LC
sp9422,Toxicodendron yunnanense var. longipaniculatum,narrow-ranged,LC
sp9425,Toxocarpus hainanensis,narrow-ranged,LC
sp9427,Toxocarpus laevigatus,narrow-ranged,LC
sp9428,Toxocarpus patens,narrow-ranged,LC
sp9439,Trachycarpus princeps,narrow-ranged,DD
sp9467,Tsuga chinensis var. robusta,narrow-ranged,LC
sp9479,Turpinia ovalifolia,narrow-ranged,LC
sp9489,Tylophora gracilenta,narrow-ranged,LC
sp9497,Ulex europaeus,narrow-ranged,LC
sp9504,Ulmus chenmoui,narrow-ranged,EN
sp9508,Ulmus gaussenii,narrow-ranged,CR
sp9510,Ulmus glaucescens var. lasiocarpa,narrow-ranged,LC
sp9517,Ulmus prunifolia,narrow-ranged,EN
sp9518,Ulmus pseudopropinqua,narrow-ranged,NT
sp9521,Ulmus uyematsui,narrow-ranged,NT
sp9526,Uncaria lanosa f. setiloba,narrow-ranged,LC
sp9549,Urena procumbens var. microphylla,narrow-ranged,LC
sp9552,Urophyllum parviflorum,narrow-ranged,LC
sp9562,Vaccinium albidens,narrow-ranged,LC
sp9563,Vaccinium arbutoides,narrow-ranged,NT
sp9565,Vaccinium brachyandrum,narrow-ranged,DD
sp9569,Vaccinium brevipedicellatum,narrow-ranged,DD
sp9571,Vaccinium bulleyanum,narrow-ranged,NT
sp9573,Vaccinium cavinerve,narrow-ranged,LC
sp9575,Vaccinium chamaebuxus,narrow-ranged,DD
sp9576,Vaccinium chengiae,narrow-ranged,LC
sp9577,Vaccinium chengiae var. pilosum,narrow-ranged,LC
sp9578,Vaccinium chunii,narrow-ranged,VU
sp9579,Vaccinium conchophyllum,narrow-ranged,NT
sp9580,Vaccinium craspedotum,narrow-ranged,LC
sp9581,Vaccinium cuspidifolium,narrow-ranged,DD
sp9583,Vaccinium delavayi ssp. merrillianum,narrow-ranged,LC
sp9594,Vaccinium fimbribracteatum,narrow-ranged,NT
sp9595,Vaccinium fimbricalyx,narrow-ranged,DD
sp9600,Vaccinium gaultheriifolium var. glaucorubrum,narrow-ranged,DD
sp9603,Vaccinium haitangense,narrow-ranged,LC
sp9606,Vaccinium henryi var. chingii,narrow-ranged,NT
sp9607,Vaccinium impressinerve,narrow-ranged,LC
sp9610,Vaccinium japonicum var. lasiostemon,narrow-ranged,LC
sp9613,Vaccinium kengii,narrow-ranged,LC
sp9624,Vaccinium oldhamii,narrow-ranged,LC
sp9625,Vaccinium papillatum,narrow-ranged,LC
sp9633,Vaccinium pubicalyx var. anomalum,narrow-ranged,LC
sp9646,Vatica lanceifolia,narrow-ranged,EN
sp9661,Vernonia chunii,narrow-ranged,DD
sp9668,Vernonia maritima,narrow-ranged,LC
sp9673,Viburnum amplifolium,narrow-ranged,LC
sp9706,Viburnum integrifolium,narrow-ranged,LC
sp9710,Viburnum laterale,narrow-ranged,DD
sp9720,Viburnum odoratissimum,narrow-ranged,LC
sp9734,Viburnum taitoense,narrow-ranged,LC
sp9736,Viburnum tengyuehense var. polyneurum,narrow-ranged,NT
sp9738,Viburnum trabeculosum,narrow-ranged,VU
sp9751,Viscum yunnanense,narrow-ranged,LC
sp9781,Vitis fengqinensis,narrow-ranged,LC
sp9787,Vitis jinggangensis,narrow-ranged,LC
sp9790,Vitis menghaiensis,narrow-ranged,LC
sp9794,Vitis shenxiensis,narrow-ranged,LC
sp9807,Wenchengia alternifolia,narrow-ranged,CR
sp9811,Wendlandia brevipaniculata,narrow-ranged,NT
sp9816,Wendlandia grandis,narrow-ranged,LC
sp9818,Wendlandia jingdongensis,narrow-ranged,NT
sp9819,Wendlandia laxa,narrow-ranged,LC
sp9824,Wendlandia luzoniensis,narrow-ranged,LC
sp9826,Wendlandia merrilliana var. parvifolia,narrow-ranged,LC
sp9833,Wendlandia salicifolia,narrow-ranged,LC
sp9835,Wendlandia scabra var. pilifera,narrow-ranged,LC
sp9847,Wendlandia uvariifolia ssp. pilosa,narrow-ranged,LC
sp9848,Wendlandia villosa,narrow-ranged,LC
sp9850,Wikstroemia alternifolia,narrow-ranged,LC
sp9851,Wikstroemia angustifolia,narrow-ranged,LC
sp9852,Wikstroemia anhuiensis,narrow-ranged,LC
sp9857,Wikstroemia chui,narrow-ranged,LC
sp9860,Wikstroemia fargesii,narrow-ranged,VU
sp9864,Wikstroemia huidongensis,narrow-ranged,LC
sp9868,Wikstroemia linearifolia,narrow-ranged,LC
sp9869,Wikstroemia linoides,narrow-ranged,LC
sp9870,Wikstroemia longipaniculata,narrow-ranged,LC
sp9871,Wikstroemia lungtzeensis,narrow-ranged,LC
sp9874,Wikstroemia mononectaria,narrow-ranged,LC
sp9880,Wikstroemia sinoparviflora,narrow-ranged,LC
sp9888,Wisteria villosa,narrow-ranged,LC
sp9899,Xanthophyllum yunnanense,narrow-ranged,EN
sp9903,Xantolis boniana var. rostrata,narrow-ranged,LC
sp9909,Xylopia vielana,narrow-ranged,LC
sp9920,Yulania elliptigemmata,narrow-ranged,DD
sp9921,Yulania jigongshanensis,narrow-ranged,DD
sp9923,Yulania multiflora,narrow-ranged,DD
sp9924,Yulania pilocarpa,narrow-ranged,EN
sp9927,Yushania andropogonoides,narrow-ranged,LC
sp9928,Yushania baishanzuensis,narrow-ranged,LC
sp9930,Yushania bojieiana,narrow-ranged,LC
sp9932,Yushania brevis,narrow-ranged,LC
sp9933,Yushania cartilaginea,narrow-ranged,LC
sp9934,Yushania collina,narrow-ranged,LC
sp9935,Yushania crassicollis,narrow-ranged,LC
sp9937,Yushania elevata,narrow-ranged,LC
sp9938,Yushania exilis,narrow-ranged,LC
sp9939,Yushania falcatiaurita,narrow-ranged,DD
sp9940,Yushania farcticaulis,narrow-ranged,DD
sp9941,Yushania farinosa,narrow-ranged,DD
sp9942,Yushania flexa,narrow-ranged,LC
sp9943,Yushania glandulosa,narrow-ranged,LC
sp9944,Yushania glauca,narrow-ranged,LC
sp9945,Yushania grammata,narrow-ranged,LC
sp9946,Yushania hirticaulis,narrow-ranged,LC
sp9947,Yushania levigata,narrow-ranged,LC
sp9948,Yushania lineolata,narrow-ranged,LC
sp9949,Yushania mabianensis,narrow-ranged,LC
sp9951,Yushania mitis,narrow-ranged,LC
sp9954,Yushania punctulata,narrow-ranged,LC
sp9955,Yushania qiaojiaensis,narrow-ranged,LC
sp9956,Yushania qiaojiaensis var. nuda,narrow-ranged,DD
sp9957,Yushania uniramosa,narrow-ranged,LC
sp9958,Yushania weixiensis,narrow-ranged,LC
sp9959,Yushania wuyishanensis,narrow-ranged,LC
sp9964,Zanonia indica var. pubescens,narrow-ranged,LC
sp9977,Zanthoxylum dissitum var. acutiserratum,narrow-ranged,LC
sp9983,Zanthoxylum integrifolium,narrow-ranged,EN
sp9987,Zanthoxylum leiboicum,narrow-ranged,VU
sp9988,Zanthoxylum liboense,narrow-ranged,VU
sp9999,Zanthoxylum pteracanthum,narrow-ranged,EN
sp10019,Ziziphus laui,narrow-ranged,LC
sp10020,Ziziphus mairei,narrow-ranged,EN
